timestamp_iso,elapsed_sec,target_duty,applied_duty,vesc_duty_now,erpm,motor_rpm,wheel_rpm,speed_mps,input_voltage,current_motor,current_in,temp_mos,temp_motor,event,note,tachometer,tachometer_abs,tacho_delta,tacho_dt,tacho_erpm,tacho_motor_rpm,tacho_wheel_rpm,tacho_speed_mps
2026-07-03T22:12:28.176,0.001280,0.000000,0.000000,0.000000,0.000,0.000,0.000,0.000000,16.200,-0.010,0.000,25.60,26.10,,,-2047.000,2829.000,nan,nan,nan,nan,nan,nan
2026-07-03T22:12:28.236,0.061546,0.000000,0.000000,0.000000,-29.000,-14.500,-1.208,-0.006327,16.200,-0.250,0.000,25.50,26.10,,,-2048.000,2842.000,-1.000,0.019908,-3013.908,-1506.954,-125.579,-0.657533
2026-07-03T22:12:28.277,0.101705,0.000000,0.000000,0.000000,-51.000,-25.500,-2.125,-0.011126,16.200,-0.440,0.000,25.50,26.10,,,-2048.000,2842.000,0.000,0.019875,0.000,0.000,0.000,0.000000
2026-07-03T22:12:28.336,0.161028,0.000000,0.000000,0.000000,-68.000,-34.000,-2.833,-0.014835,16.200,-0.130,0.000,25.60,26.10,,,-2048.000,2842.000,0.000,0.019976,0.000,0.000,0.000,0.000000
2026-07-03T22:12:28.376,0.201071,0.000000,0.000000,0.000000,-65.000,-32.500,-2.708,-0.014181,16.200,0.000,0.000,25.60,26.00,,,-2049.000,2843.000,-1.000,0.019979,-3003.109,-1501.554,-125.130,-0.655177
2026-07-03T22:12:28.436,0.261073,0.000000,0.000000,0.000000,0.000,0.000,0.000,0.000000,16.200,0.030,0.000,25.70,26.00,,,-2049.000,2843.000,0.000,0.020002,0.000,0.000,0.000,0.000000
2026-07-03T22:12:28.476,0.301011,0.000000,0.000000,0.000000,0.000,0.000,0.000,0.000000,16.200,0.120,0.000,25.60,26.00,,,-2049.000,2843.000,0.000,0.019910,0.000,0.000,0.000,0.000000
2026-07-03T22:12:28.536,0.361101,0.000000,0.000000,0.000000,0.000,0.000,0.000,0.000000,16.200,0.160,0.000,25.50,26.00,,,-2049.000,2843.000,0.000,0.019986,0.000,0.000,0.000,0.000000
2026-07-03T22:12:28.576,0.401026,0.000000,0.000000,0.000000,0.000,0.000,0.000,0.000000,16.200,0.140,0.000,25.60,26.00,,,-2049.000,2843.000,0.000,0.020010,0.000,0.000,0.000,0.000000
2026-07-03T22:12:28.636,0.461069,0.000000,0.000000,0.000000,0.000,0.000,0.000,0.000000,16.200,0.020,0.000,25.70,26.00,,,-2049.000,2843.000,0.000,0.019973,0.000,0.000,0.000,0.000000
2026-07-03T22:12:28.676,0.501015,0.000000,0.000000,0.000000,0.000,0.000,0.000,0.000000,16.200,0.110,0.000,25.70,26.00,,,-2049.000,2843.000,0.000,0.020002,0.000,0.000,0.000,0.000000
2026-07-03T22:12:28.736,0.561046,0.000000,0.000000,0.000000,0.000,0.000,0.000,0.000000,16.200,0.050,0.000,25.60,26.00,,,-2049.000,2843.000,0.000,0.020003,0.000,0.000,0.000,0.000000
2026-07-03T22:12:28.776,0.601053,0.000000,0.000000,0.000000,0.000,0.000,0.000,0.000000,16.200,0.050,0.000,25.50,26.00,,,-2049.000,2843.000,0.000,0.019685,0.000,0.000,0.000,0.000000
2026-07-03T22:12:28.836,0.661188,0.000000,0.000000,0.000000,0.000,0.000,0.000,0.000000,16.200,0.090,0.000,25.50,26.10,,,-2049.000,2843.000,0.000,0.020045,0.000,0.000,0.000,0.000000
2026-07-03T22:12:28.876,0.701014,0.000000,0.000000,0.000000,0.000,0.000,0.000,0.000000,16.200,0.100,0.000,25.60,26.10,,,-2049.000,2843.000,0.000,0.019854,0.000,0.000,0.000,0.000000
2026-07-03T22:12:28.936,0.761147,0.000000,0.000000,0.000000,0.000,0.000,0.000,0.000000,16.200,0.150,0.000,25.60,26.10,,,-2049.000,2843.000,0.000,0.019987,0.000,0.000,0.000,0.000000
2026-07-03T22:12:28.976,0.801297,0.000000,0.000000,0.000000,0.000,0.000,0.000,0.000000,16.200,0.010,0.000,25.60,26.10,,,-2049.000,2843.000,0.000,0.020217,0.000,0.000,0.000,0.000000
2026-07-03T22:12:29.036,0.861048,0.000000,0.000000,0.000000,0.000,0.000,0.000,0.000000,16.200,0.040,0.000,25.50,26.10,,,-2049.000,2843.000,0.000,0.020005,0.000,0.000,0.000,0.000000
2026-07-03T22:12:29.076,0.901188,0.000000,0.000000,0.000000,0.000,0.000,0.000,0.000000,16.200,0.030,0.000,25.80,26.10,,,-2049.000,2843.000,0.000,0.019994,0.000,0.000,0.000,0.000000
2026-07-03T22:12:29.136,0.961129,0.000000,0.000000,0.000000,0.000,0.000,0.000,0.000000,16.200,0.170,0.000,25.70,26.00,,,-2049.000,2843.000,0.000,0.020285,0.000,0.000,0.000,0.000000
2026-07-03T22:12:29.176,1.001247,0.000000,0.000000,0.000000,0.000,0.000,0.000,0.000000,16.200,0.120,0.000,25.60,26.00,,,-2049.000,2843.000,0.000,0.020142,0.000,0.000,0.000,0.000000
2026-07-03T22:12:29.236,1.061113,0.000000,0.000000,0.000000,0.000,0.000,0.000,0.000000,16.200,0.070,0.000,25.70,26.10,,,-2049.000,2843.000,0.000,0.020004,0.000,0.000,0.000,0.000000
2026-07-03T22:12:29.276,1.101440,0.000000,0.000000,0.000000,0.000,0.000,0.000,0.000000,16.300,0.070,0.000,25.70,26.10,,,-2049.000,2843.000,0.000,0.020254,0.000,0.000,0.000,0.000000
2026-07-03T22:12:29.336,1.161467,0.000000,0.000000,0.000000,0.000,0.000,0.000,0.000000,16.200,0.160,0.000,25.60,26.10,,,-2049.000,2843.000,0.000,0.020242,0.000,0.000,0.000,0.000000
2026-07-03T22:12:29.376,1.201067,0.000000,0.000000,0.000000,0.000,0.000,0.000,0.000000,16.200,0.000,0.000,25.60,26.10,,,-2049.000,2843.000,0.000,0.019955,0.000,0.000,0.000,0.000000
2026-07-03T22:12:29.436,1.261176,0.000000,0.000000,0.000000,0.000,0.000,0.000,0.000000,16.200,-0.020,0.000,25.60,26.10,,,-2049.000,2843.000,0.000,0.019504,0.000,0.000,0.000,0.000000
2026-07-03T22:12:29.476,1.301407,0.100000,0.002000,0.001000,0.000,0.000,0.000,0.000000,16.200,-0.010,0.000,25.60,26.10,,,-2049.000,2843.000,0.000,0.020243,0.000,0.000,0.000,0.000000
2026-07-03T22:12:29.477,1.301632,0.100000,0.002000,0.001000,0.000,0.000,0.000,0.000000,16.200,-0.010,0.000,25.60,26.10,target_duty,+0.100000,-2049.000,2843.000,0.000,0.020243,0.000,0.000,0.000,0.000000
2026-07-03T22:12:29.536,1.361136,0.100000,0.008000,0.007000,0.000,0.000,0.000,0.000000,16.200,0.720,0.000,25.60,26.10,,,-2049.000,2843.000,0.000,0.019812,0.000,0.000,0.000,0.000000
2026-07-03T22:12:29.576,1.401075,0.100000,0.012000,-0.012000,0.000,0.000,0.000,0.000000,16.200,0.910,0.000,25.60,26.00,,,-2049.000,2843.000,0.000,0.019856,0.000,0.000,0.000,0.000000
2026-07-03T22:12:29.636,1.461175,0.100000,0.018000,0.017000,10.000,5.000,0.417,0.002182,16.200,0.050,0.000,25.50,26.10,,,-2050.000,2844.000,0.000,0.019927,0.000,0.000,0.000,0.000000
2026-07-03T22:12:29.676,1.501082,0.100000,0.022000,-0.022000,36.000,18.000,1.500,0.007854,16.200,0.380,0.010,25.70,26.00,,,-2050.000,2844.000,0.000,0.019982,0.000,0.000,0.000,0.000000
2026-07-03T22:12:29.736,1.561111,0.100000,0.028000,-0.028000,-12.000,-6.000,-0.500,-0.002618,16.200,2.670,0.050,25.70,26.00,,,-2051.000,2845.000,-1.000,0.019938,-3009.358,-1504.679,-125.390,-0.656540
2026-07-03T22:12:29.776,1.601072,0.100000,0.032000,-0.031000,-50.000,-25.000,-2.083,-0.010908,16.200,4.100,0.080,25.60,26.00,,,-2051.000,2845.000,0.000,0.019960,0.000,0.000,0.000,0.000000
2026-07-03T22:12:29.836,1.661131,0.100000,0.038000,-0.037000,-226.000,-113.000,-9.417,-0.049306,16.200,9.110,0.240,25.60,26.10,,,-2053.000,2849.000,-1.000,0.019957,-3006.457,-1503.228,-125.269,-0.655907
2026-07-03T22:12:29.876,1.701123,0.100000,0.042000,-0.042000,-432.000,-216.000,-18.000,-0.094248,16.200,10.790,0.320,25.60,26.10,,,-2056.000,2852.000,-1.000,0.020025,-2996.271,-1498.136,-124.845,-0.653685
2026-07-03T22:12:29.936,1.761175,0.100000,0.048000,-0.047000,-218.000,-109.000,-9.083,-0.047560,16.200,14.000,0.490,25.60,26.10,,,-2061.000,2857.000,0.000,0.020015,0.000,0.000,0.000,0.000000
2026-07-03T22:12:29.976,1.801096,0.100000,0.052000,-0.051000,-393.000,-196.500,-16.375,-0.085739,16.200,14.770,0.560,25.60,26.00,,,-2063.000,2861.000,-1.000,0.019939,-3009.194,-1504.597,-125.383,-0.656504
2026-07-03T22:12:30.037,1.861618,0.100000,0.058000,-0.057000,-566.000,-283.000,-23.583,-0.123482,16.200,16.460,0.700,25.60,26.00,,,-2067.000,2865.000,-1.000,0.020415,-2939.057,-1469.528,-122.461,-0.641203
2026-07-03T22:12:30.076,1.901130,0.100000,0.062000,-0.061000,-728.000,-364.000,-30.333,-0.158825,16.200,15.450,0.720,25.60,26.10,,,-2071.000,2869.000,-2.000,0.020005,-5998.585,-2999.293,-249.941,-1.308688
2026-07-03T22:12:30.136,1.961115,0.100000,0.068000,-0.068000,-1164.000,-582.000,-48.500,-0.253945,16.200,16.480,0.830,25.70,26.10,,,-2079.000,2877.000,-3.000,0.019936,-9028.902,-4514.451,-376.204,-1.969801
2026-07-03T22:12:30.176,2.001137,0.100000,0.072000,-0.072000,-1430.000,-715.000,-59.583,-0.311978,16.200,14.700,0.800,25.50,26.10,,,-2086.000,2884.000,-3.000,0.020031,-8986.171,-4493.085,-374.424,-1.960478
2026-07-03T22:12:30.236,2.061243,0.100000,0.078000,-0.078000,-1861.000,-930.500,-77.542,-0.406007,16.200,14.770,0.870,25.50,26.10,,,-2099.000,2901.000,-5.000,0.020095,-14929.322,-7464.661,-622.055,-3.257073
2026-07-03T22:12:30.276,2.101031,0.100000,0.082000,-0.081000,-2182.000,-1091.000,-90.917,-0.476039,16.200,13.970,0.900,25.60,26.10,,,-2109.000,2911.000,-5.000,0.019838,-15122.655,-7561.328,-630.111,-3.299252
2026-07-03T22:12:30.336,2.161066,0.100000,0.088000,-0.088000,-2641.000,-1320.500,-110.042,-0.576177,16.200,14.140,0.970,25.60,26.10,,,-2127.000,2929.000,-6.000,0.019975,-18022.927,-9011.463,-750.955,-3.931993
2026-07-03T22:12:30.376,2.201006,0.100000,0.092000,-0.092000,-2938.000,-1469.000,-122.417,-0.640972,16.100,14.100,1.020,25.70,26.10,,,-2140.000,2942.000,-7.000,0.019832,-21178.074,-10589.037,-882.420,-4.620339
2026-07-03T22:12:30.436,2.261099,0.100000,0.098000,-0.098000,-3357.000,-1678.500,-139.875,-0.732384,16.100,14.760,1.140,25.60,26.10,,,-2162.000,2964.000,-8.000,0.019981,-24022.367,-12011.184,-1000.932,-5.240868
2026-07-03T22:12:30.476,2.301040,0.100000,0.100000,-0.099000,-3694.000,-1847.000,-153.917,-0.805906,16.100,17.210,1.290,25.60,26.10,,,-2178.000,2980.000,-9.000,0.019853,-27199.665,-13599.832,-1133.319,-5.934046
2026-07-03T22:12:30.536,2.361013,0.100000,0.100000,-0.099000,-4048.000,-2024.000,-168.667,-0.883137,16.100,11.220,0.890,25.60,26.10,,,-2203.000,3005.000,-8.000,0.019900,-24120.300,-12060.150,-1005.012,-5.262233
2026-07-03T22:12:30.576,2.401103,0.100000,0.100000,-0.099000,-4266.000,-2133.000,-177.750,-0.930697,16.200,10.210,0.820,25.60,26.10,,,-2222.000,3024.000,-10.000,0.020004,-29993.596,-14996.798,-1249.733,-6.543588
2026-07-03T22:12:30.636,2.461114,0.100000,0.100000,-0.099000,-4522.000,-2261.000,-188.417,-0.986547,16.200,8.400,0.680,25.70,26.00,,,-2250.000,3052.000,-10.000,0.019973,-30040.281,-15020.141,-1251.678,-6.553773
2026-07-03T22:12:30.676,2.501069,0.100000,0.100000,-0.100000,-4655.000,-2327.500,-193.958,-1.015563,16.200,7.740,0.620,25.60,26.00,,,-2269.000,3071.000,-10.000,0.019913,-30131.566,-15065.783,-1255.482,-6.573688
2026-07-03T22:12:30.736,2.561095,0.100000,0.100000,-0.099000,-4854.000,-2427.000,-202.250,-1.058979,16.200,6.600,0.530,25.70,26.00,,,-2299.000,3101.000,-10.000,0.020017,-29974.312,-14987.156,-1248.930,-6.539380
2026-07-03T22:12:30.776,2.601063,0.100000,0.100000,-0.100000,-4927.000,-2463.500,-205.292,-1.074905,16.200,6.580,0.520,25.60,26.00,,,-2319.000,3121.000,-10.000,0.019825,-30264.799,-15132.399,-1261.033,-6.602755
2026-07-03T22:12:30.836,2.661147,0.100000,0.100000,-0.099000,-5061.000,-2530.500,-210.875,-1.104139,16.200,5.590,0.440,25.60,26.00,,,-2350.000,3152.000,-11.000,0.020076,-32874.575,-16437.288,-1369.774,-7.172120
2026-07-03T22:12:30.876,2.701100,0.100000,0.100000,-0.099000,-5143.000,-2571.500,-214.292,-1.122029,16.200,5.510,0.440,25.70,26.10,,,-2371.000,3173.000,-11.000,0.019924,-33126.242,-16563.121,-1380.260,-7.227025
2026-07-03T22:12:30.936,2.761141,0.100000,0.100000,-0.099000,-5200.000,-2600.000,-216.667,-1.134464,16.200,5.330,0.410,25.60,26.10,,,-2402.000,3204.000,-10.000,0.020089,-29867.306,-14933.653,-1244.471,-6.516035
2026-07-03T22:12:30.976,2.801039,0.100000,0.100000,-0.099000,-5246.000,-2623.000,-218.583,-1.144500,16.200,5.020,0.390,25.60,26.00,,,-2423.000,3225.000,-10.000,0.019874,-30189.765,-15094.883,-1257.907,-6.586385
2026-07-03T22:12:31.036,2.861102,0.100000,0.100000,-0.099000,-5296.000,-2648.000,-220.667,-1.155408,16.200,5.060,0.390,25.60,26.00,,,-2455.000,3257.000,-10.000,0.020018,-29972.538,-14986.269,-1248.856,-6.538993
2026-07-03T22:12:31.076,2.901037,0.100000,0.100000,-0.099000,-5298.000,-2649.000,-220.750,-1.155844,16.200,5.170,0.410,25.50,26.00,,,-2477.000,3279.000,-11.000,0.019916,-33139.715,-16569.858,-1380.821,-7.229964
2026-07-03T22:12:31.136,2.961074,0.100000,0.100000,-0.099000,-5369.000,-2684.500,-223.708,-1.171334,16.200,4.600,0.360,25.60,26.10,,,-2509.000,3311.000,-11.000,0.020039,-32935.659,-16467.829,-1372.319,-7.185446
2026-07-03T22:12:31.176,3.001059,0.100000,0.100000,-0.099000,-5405.000,-2702.500,-225.208,-1.179188,16.200,4.880,0.380,25.50,26.10,,,-2531.000,3333.000,-11.000,0.019648,-33591.157,-16795.579,-1399.632,-7.328454
2026-07-03T22:12:31.236,3.061135,0.100000,0.100000,-0.099000,-5409.000,-2704.500,-225.375,-1.180061,16.200,4.830,0.380,25.60,26.10,,,-2564.000,3366.000,-11.000,0.020027,-32955.510,-16477.755,-1373.146,-7.189777
2026-07-03T22:12:31.276,3.101136,0.100000,0.100000,-0.099000,-5446.000,-2723.000,-226.917,-1.188133,16.200,4.530,0.350,25.50,26.10,,,-2586.000,3388.000,-11.000,0.019938,-33102.253,-16551.126,-1379.261,-7.221791
2026-07-03T22:12:31.336,3.161059,0.100000,0.100000,-0.100000,-5468.000,-2734.000,-227.833,-1.192933,16.200,4.360,0.340,25.60,26.10,,,-2618.000,3420.000,-11.000,0.019857,-33237.658,-16618.829,-1384.902,-7.251332
2026-07-03T22:12:31.376,3.200924,0.100000,0.100000,-0.100000,-5477.000,-2738.500,-228.208,-1.194896,16.200,4.230,0.330,25.50,26.10,,,-2640.000,3442.000,-11.000,0.019842,-33262.649,-16631.324,-1385.944,-7.256784
2026-07-03T22:12:31.436,3.261105,0.100000,0.100000,-0.099000,-5545.000,-2772.500,-231.042,-1.209731,16.200,3.920,0.300,25.60,26.10,,,-2674.000,3476.000,-11.000,0.019968,-33052.469,-16526.235,-1377.186,-7.210930
2026-07-03T22:12:31.476,3.301158,0.100000,0.100000,-0.099000,-5560.000,-2780.000,-231.667,-1.213004,16.200,4.290,0.330,25.50,26.10,,,-2696.000,3498.000,-6.000,0.011895,-30264.652,-15132.326,-1261.027,-6.602723
2026-07-03T22:12:31.536,3.361085,0.100000,0.100000,-0.099000,-5552.000,-2776.000,-231.333,-1.211259,16.200,3.980,0.310,25.60,26.00,,,-2729.000,3531.000,-11.000,0.019889,-33184.633,-16592.316,-1382.693,-7.239764
2026-07-03T22:12:31.576,3.401036,0.100000,0.100000,-0.099000,-5578.000,-2789.000,-232.417,-1.216931,16.200,3.990,0.310,25.60,26.00,,,-2752.000,3554.000,-11.000,0.019884,-33192.755,-16596.378,-1383.031,-7.241536
2026-07-03T22:12:31.636,3.461056,0.100000,0.100000,-0.099000,-5597.000,-2798.500,-233.208,-1.221076,16.200,4.090,0.320,25.50,26.00,,,-2786.000,3588.000,-12.000,0.019842,-36287.111,-18143.555,-1511.963,-7.916620
2026-07-03T22:12:31.676,3.501333,0.100000,0.100000,-0.099000,-5614.000,-2807.000,-233.917,-1.224785,16.200,3.910,0.300,25.80,26.00,,,-2808.000,3610.000,-11.000,0.020169,-32724.020,-16362.010,-1363.501,-7.139274
2026-07-03T22:12:31.736,3.561112,0.100000,0.100000,-0.099000,-5670.000,-2835.000,-236.250,-1.237002,16.200,3.900,0.300,25.70,26.00,,,-2842.000,3644.000,-11.000,0.019942,-33096.405,-16548.202,-1379.017,-7.220515
2026-07-03T22:12:31.776,3.601048,0.100000,0.100000,-0.099000,-5652.000,-2826.000,-235.500,-1.233075,16.200,3.930,0.300,25.60,26.00,,,-2865.000,3667.000,-11.000,0.019953,-33077.819,-16538.909,-1378.242,-7.216461
2026-07-03T22:12:31.836,3.661115,0.100000,0.100000,-0.099000,-5687.000,-2843.500,-236.958,-1.240711,16.200,3.800,0.290,25.60,26.00,,,-2899.000,3701.000,-11.000,0.019989,-33017.740,-16508.870,-1375.739,-7.203354
2026-07-03T22:12:31.876,3.701098,0.100000,0.100000,-0.099000,-5684.000,-2842.000,-236.833,-1.240056,16.200,3.820,0.290,25.60,26.00,,,-2922.000,3724.000,-11.000,0.019923,-33127.785,-16563.893,-1380.324,-7.227362
2026-07-03T22:12:31.936,3.761133,0.100000,0.100000,-0.099000,-5705.000,-2852.500,-237.708,-1.244638,16.200,3.730,0.280,25.70,26.00,,,-2956.000,3758.000,-11.000,0.019976,-33039.648,-16519.824,-1376.652,-7.208133
2026-07-03T22:12:31.976,3.801086,0.100000,0.100000,-0.100000,-5741.000,-2870.500,-239.208,-1.252492,16.200,3.490,0.270,25.80,26.00,,,-2979.000,3781.000,-11.000,0.019932,-33112.887,-16556.443,-1379.704,-7.224111
2026-07-03T22:12:32.036,3.861142,0.100000,0.100000,-0.099000,-5750.000,-2875.000,-239.583,-1.254455,16.200,3.830,0.290,25.50,26.10,,,-3014.000,3816.000,-11.000,0.019967,-33054.853,-16527.426,-1377.286,-7.211450
2026-07-03T22:12:32.076,3.901049,0.100000,0.100000,-0.099000,-5750.000,-2875.000,-239.583,-1.254455,16.200,3.540,0.270,25.60,26.10,,,-3037.000,3839.000,-12.000,0.020220,-35607.983,-17803.991,-1483.666,-7.768457
2026-07-03T22:12:32.136,3.961097,0.100000,0.100000,-0.099000,-5774.000,-2887.000,-240.583,-1.259691,16.200,3.580,0.270,25.60,26.10,,,-3072.000,3874.000,-12.000,0.019846,-36279.852,-18139.926,-1511.660,-7.915036
2026-07-03T22:12:32.176,4.001110,0.100000,0.100000,-0.099000,-5755.000,-2877.500,-239.792,-1.255546,16.200,3.750,0.290,25.60,26.10,,,-3095.000,3897.000,-12.000,0.020046,-35917.014,-17958.507,-1496.542,-7.835877
2026-07-03T22:12:32.236,4.061054,0.100000,0.100000,-0.099000,-5785.000,-2892.500,-241.042,-1.262091,16.200,3.470,0.270,25.60,26.10,,,-3130.000,3932.000,-12.000,0.019827,-36314.943,-18157.472,-1513.123,-7.922692
2026-07-03T22:12:32.276,4.101163,0.100000,0.100000,-0.099000,-5796.000,-2898.000,-241.500,-1.264491,16.200,3.420,0.260,25.70,26.00,,,-3153.000,3955.000,-12.000,0.020060,-35892.078,-17946.039,-1495.503,-7.830437
2026-07-03T22:12:32.336,4.161099,0.100000,0.100000,-0.099000,-5786.000,-2893.000,-241.083,-1.262309,16.200,3.640,0.280,25.60,26.00,,,-3188.000,3990.000,-12.000,0.019792,-36377.859,-18188.929,-1515.744,-7.936418
2026-07-03T22:12:32.376,4.201039,0.100000,0.100000,-0.099000,-5785.000,-2892.500,-241.042,-1.262091,16.200,3.450,0.270,25.70,26.00,,,-3211.000,4013.000,-12.000,0.019950,-36089.641,-18044.821,-1503.735,-7.873538
2026-07-03T22:12:32.436,4.261242,0.100000,0.100000,-0.099000,-5777.000,-2888.500,-240.708,-1.260346,16.200,3.730,0.290,25.60,26.00,,,-3246.000,4048.000,-12.000,0.020041,-35926.079,-17963.039,-1496.920,-7.837854
2026-07-03T22:12:32.476,4.301073,0.100000,0.100000,-0.099000,-5775.000,-2887.500,-240.625,-1.259910,16.200,3.420,0.260,25.70,26.10,,,-3268.000,4070.000,-11.000,0.019969,-33051.196,-16525.598,-1377.133,-7.210652
2026-07-03T22:12:32.536,4.361047,0.100000,0.100000,-0.099000,-5794.000,-2897.000,-241.417,-1.264055,16.200,3.570,0.280,25.60,26.10,,,-3303.000,4105.000,-11.000,0.019886,-33188.534,-16594.267,-1382.856,-7.240615
2026-07-03T22:12:32.576,4.401004,0.100000,0.100000,-0.099000,-5811.000,-2905.500,-242.125,-1.267764,16.200,3.280,0.250,25.70,26.00,,,-3327.000,4129.000,-12.000,0.019957,-36076.963,-18038.481,-1503.207,-7.870772
2026-07-03T22:12:32.636,4.461103,0.100000,0.100000,-0.100000,-5826.000,-2913.000,-242.750,-1.271036,16.200,3.450,0.270,25.70,26.00,,,-3362.000,4164.000,-12.000,0.019898,-36183.652,-18091.826,-1507.652,-7.894048
2026-07-03T22:12:32.676,4.501139,0.100000,0.100000,-0.099000,-5837.000,-2918.500,-243.208,-1.273436,16.200,3.080,0.230,25.60,26.00,,,-3385.000,4187.000,-11.000,0.020037,-32939.237,-16469.618,-1372.468,-7.186227
2026-07-03T22:12:32.736,4.561104,0.100000,0.100000,-0.099000,-5832.000,-2916.000,-243.000,-1.272345,16.200,3.450,0.260,25.60,26.00,,,-3420.000,4222.000,-11.000,0.019942,-33095.714,-16547.857,-1378.988,-7.220365
2026-07-03T22:12:32.776,4.601045,0.100000,0.100000,-0.099000,-5889.000,-2944.500,-245.375,-1.284780,16.200,3.040,0.230,25.60,26.10,,,-3444.000,4246.000,-12.000,0.019892,-36195.359,-18097.680,-1508.140,-7.896602
2026-07-03T22:12:32.836,4.661192,0.100000,0.100000,-0.099000,-5878.000,-2939.000,-244.917,-1.282381,16.200,3.310,0.250,25.60,26.10,,,-3479.000,4281.000,-11.000,0.019845,-33258.193,-16629.097,-1385.758,-7.255812
2026-07-03T22:12:32.877,4.701598,0.100000,0.100000,-0.099000,-5889.000,-2944.500,-245.375,-1.284780,16.200,3.310,0.250,25.60,26.10,,,-3503.000,4305.000,-12.000,0.020118,-35789.319,-17894.660,-1491.222,-7.808018
2026-07-03T22:12:32.936,4.761104,0.100000,0.100000,-0.099000,-5896.000,-2948.000,-245.667,-1.286308,16.200,3.170,0.240,25.60,26.10,,,-3538.000,4340.000,-11.000,0.019913,-33144.618,-16572.309,-1381.026,-7.231034
2026-07-03T22:12:32.976,4.801056,0.100000,0.100000,-0.099000,-5876.000,-2938.000,-244.833,-1.281944,16.200,3.300,0.250,25.70,26.10,,,-3562.000,4364.000,-12.000,0.019967,-36058.915,-18029.457,-1502.455,-7.866835
2026-07-03T22:12:33.036,4.861164,0.100000,0.100000,-0.099000,-5908.000,-2954.000,-246.167,-1.288926,16.200,2.870,0.210,25.60,26.10,,,-3597.000,4399.000,-11.000,0.019976,-33040.126,-16520.063,-1376.672,-7.208237
2026-07-03T22:12:33.076,4.901054,0.100000,0.100000,-0.100000,-5910.000,-2955.000,-246.250,-1.289362,16.200,3.230,0.240,25.60,26.10,,,-3621.000,4423.000,-12.000,0.019928,-36130.286,-18065.143,-1505.429,-7.882406
2026-07-03T22:12:33.136,4.961150,0.100000,0.100000,-0.099000,-5911.000,-2955.500,-246.292,-1.289580,16.200,3.050,0.220,25.60,26.10,,,-3657.000,4459.000,-12.000,0.019985,-36026.681,-18013.341,-1501.112,-7.859803
2026-07-03T22:12:33.176,5.001090,0.100000,0.100000,-0.099000,-5908.000,-2954.000,-246.167,-1.288926,16.200,3.170,0.240,25.60,26.10,,,-3680.000,4482.000,-12.000,0.019958,-36074.938,-18037.469,-1503.122,-7.870331
2026-07-03T22:12:33.236,5.061083,0.100000,0.100000,-0.099000,-5893.000,-2946.500,-245.542,-1.285653,16.200,3.300,0.250,25.60,26.10,,,-3716.000,4518.000,-12.000,0.019940,-36107.896,-18053.948,-1504.496,-7.877521
2026-07-03T22:12:33.276,5.101263,0.100000,0.100000,-0.099000,-5898.000,-2949.000,-245.750,-1.286744,16.200,3.070,0.230,25.70,26.00,,,-3739.000,4541.000,-12.000,0.020115,-35793.420,-17896.710,-1491.393,-7.808913
2026-07-03T22:12:33.336,5.161117,0.100000,0.100000,-0.099000,-5902.000,-2951.000,-245.917,-1.287617,16.200,3.270,0.250,25.70,26.10,,,-3775.000,4577.000,-12.000,0.019865,-36243.892,-18121.946,-1510.162,-7.907191
2026-07-03T22:12:33.376,5.201047,0.100000,0.100000,-0.099000,-5881.000,-2940.500,-245.042,-1.283035,16.200,3.250,0.250,25.70,26.00,,,-3798.000,4600.000,-12.000,0.019848,-36275.112,-18137.556,-1511.463,-7.914002
2026-07-03T22:12:33.436,5.261072,0.100000,0.100000,-0.099000,-5886.000,-2943.000,-245.250,-1.284126,16.200,3.190,0.240,25.70,26.00,,,-3833.000,4635.000,-11.000,0.019953,-33077.980,-16538.990,-1378.249,-7.216496
2026-07-03T22:12:33.476,5.301125,0.100000,0.100000,-0.099000,-5867.000,-2933.500,-244.458,-1.279981,16.200,3.280,0.250,25.60,26.00,,,-3857.000,4659.000,-12.000,0.020006,-35989.840,-17994.920,-1499.577,-7.851765
2026-07-03T22:12:33.536,5.361124,0.100000,0.100000,-0.099000,-5870.000,-2935.000,-244.583,-1.280635,16.200,3.170,0.240,25.70,26.00,,,-3892.000,4694.000,-12.000,0.019900,-36180.974,-18090.487,-1507.541,-7.893464
2026-07-03T22:12:33.576,5.401195,0.100000,0.100000,-0.099000,-5877.000,-2938.500,-244.875,-1.282163,16.200,3.300,0.250,25.70,26.00,,,-3916.000,4718.000,-12.000,0.020036,-35934.920,-17967.460,-1497.288,-7.839783
2026-07-03T22:12:33.636,5.461114,0.100000,0.100000,-0.099000,-5872.000,-2936.000,-244.667,-1.281072,16.200,3.390,0.260,25.60,26.00,,,-3951.000,4753.000,-12.000,0.019928,-36129.998,-18064.999,-1505.417,-7.882343
2026-07-03T22:12:33.676,5.501067,0.100000,0.100000,-0.099000,-5880.000,-2940.000,-245.000,-1.282817,16.200,3.080,0.230,25.70,26.00,,,-3974.000,4776.000,-11.000,0.019919,-33134.282,-16567.141,-1380.595,-7.228779
2026-07-03T22:12:33.736,5.561123,0.100000,0.100000,-0.099000,-5854.000,-2927.000,-243.917,-1.277145,16.200,3.360,0.260,25.60,26.00,,,-4010.000,4812.000,-12.000,0.019874,-36228.595,-18114.298,-1509.525,-7.903853
2026-07-03T22:12:33.776,5.601074,0.100000,0.100000,-0.099000,-5861.000,-2930.500,-244.208,-1.278672,16.200,3.350,0.250,25.60,26.00,,,-4033.000,4835.000,-12.000,0.019978,-36040.192,-18020.096,-1501.675,-7.862750
2026-07-03T22:12:33.836,5.661086,0.100000,0.100000,-0.099000,-5875.000,-2937.500,-244.792,-1.281726,16.200,3.370,0.250,25.60,26.00,,,-4068.000,4870.000,-11.000,0.019955,-33073.892,-16536.946,-1378.079,-7.215604
2026-07-03T22:12:33.876,5.701065,0.100000,0.100000,-0.099000,-5877.000,-2938.500,-244.875,-1.282163,16.200,3.300,0.250,25.70,26.00,,,-4092.000,4894.000,-12.000,0.019990,-36018.604,-18009.302,-1500.775,-7.858040
2026-07-03T22:12:33.936,5.761162,0.100000,0.100000,-0.099000,-5875.000,-2937.500,-244.792,-1.281726,16.200,3.120,0.230,25.60,26.10,,,-4127.000,4929.000,-12.000,0.020023,-35957.960,-17978.980,-1498.248,-7.844810
2026-07-03T22:12:33.976,5.801093,0.100000,0.100000,-0.099000,-5875.000,-2937.500,-244.792,-1.281726,16.200,3.310,0.250,25.70,26.00,,,-4151.000,4953.000,-12.000,0.019975,-36044.639,-18022.320,-1501.860,-7.863720
2026-07-03T22:12:34.036,5.861133,0.100000,0.100000,-0.099000,-5862.000,-2931.000,-244.250,-1.278890,16.200,3.240,0.250,25.60,26.00,,,-4186.000,4988.000,-12.000,0.019964,-36064.987,-18032.494,-1502.708,-7.868160
2026-07-03T22:12:34.076,5.901077,0.100000,0.100000,-0.099000,-5870.000,-2935.000,-244.583,-1.280635,16.200,3.230,0.240,25.60,26.00,,,-4209.000,5011.000,-11.000,0.019948,-33086.367,-16543.183,-1378.599,-7.218326
2026-07-03T22:12:34.136,5.961160,0.100000,0.100000,-0.099000,-5860.000,-2930.000,-244.167,-1.278454,16.200,3.170,0.240,25.60,26.00,,,-4244.000,5047.000,-11.000,0.019857,-33237.602,-16618.801,-1384.900,-7.251320
2026-07-03T22:12:34.176,6.001026,0.100000,0.100000,-0.099000,-5867.000,-2933.500,-244.458,-1.279981,16.200,3.310,0.250,25.60,26.00,,,-4268.000,5070.000,-12.000,0.019858,-36257.859,-18128.929,-1510.744,-7.910238
2026-07-03T22:12:34.236,6.061222,0.100000,0.100000,-0.099000,-5871.000,-2935.500,-244.625,-1.280854,16.200,3.220,0.250,25.70,26.00,,,-4303.000,5105.000,-11.000,0.020083,-32864.040,-16432.020,-1369.335,-7.169821
2026-07-03T22:12:34.276,6.101061,0.100000,0.100000,-0.099000,-5854.000,-2927.000,-243.917,-1.277145,16.200,3.260,0.250,25.70,26.00,,,-4327.000,5129.000,-12.000,0.019949,-36091.611,-18045.806,-1503.817,-7.873968
2026-07-03T22:12:34.336,6.161140,0.100000,0.100000,-0.099000,-5849.000,-2924.500,-243.708,-1.276054,16.200,3.440,0.260,25.70,26.00,,,-4362.000,5164.000,-12.000,0.020010,-35981.779,-17990.889,-1499.241,-7.850006
2026-07-03T22:12:34.376,6.201036,0.100000,0.100000,-0.099000,-5823.000,-2911.500,-242.625,-1.270382,16.200,3.430,0.260,25.70,26.00,,,-4385.000,5187.000,-12.000,0.019931,-36124.659,-18062.329,-1505.194,-7.881178
2026-07-03T22:12:34.436,6.261139,0.100000,0.100000,-0.099000,-5831.000,-2915.500,-242.958,-1.272127,16.200,3.390,0.260,25.70,26.00,,,-4420.000,5222.000,-12.000,0.020030,-35946.178,-17973.089,-1497.757,-7.842239
2026-07-03T22:12:34.476,6.301059,0.100000,0.100000,-0.099000,-5823.000,-2911.500,-242.625,-1.270382,16.200,3.520,0.270,25.60,26.00,,,-4443.000,5245.000,-11.000,0.019893,-33177.903,-16588.952,-1382.413,-7.238296
2026-07-03T22:12:34.536,6.361121,0.100000,0.100000,-0.099000,-5810.000,-2905.000,-242.083,-1.267545,16.200,3.680,0.280,25.70,26.00,,,-4478.000,5280.000,-11.000,0.019967,-33054.429,-16527.215,-1377.268,-7.211358
2026-07-03T22:12:34.576,6.401066,0.100000,0.100000,-0.099000,-5804.000,-2902.000,-241.833,-1.266236,16.200,3.500,0.270,25.60,26.00,,,-4501.000,5303.000,-11.000,0.019949,-33084.775,-16542.387,-1378.532,-7.217978
2026-07-03T22:12:34.636,6.461248,0.100000,0.100000,-0.099000,-5801.000,-2900.500,-241.708,-1.265582,16.200,3.710,0.280,25.70,26.00,,,-4536.000,5338.000,-11.000,0.020087,-32856.707,-16428.353,-1369.029,-7.168221
2026-07-03T22:12:34.676,6.501073,0.100000,0.100000,-0.099000,-5796.000,-2898.000,-241.500,-1.264491,16.200,3.590,0.270,25.70,26.00,,,-4559.000,5361.000,-11.000,0.019976,-33038.908,-16519.454,-1376.621,-7.207972
2026-07-03T22:12:34.736,6.561041,0.100000,0.100000,-0.100000,-5797.000,-2898.500,-241.542,-1.264709,16.200,3.450,0.260,25.60,26.00,,,-4594.000,5396.000,-11.000,0.019927,-33120.388,-16560.194,-1380.016,-7.225748
2026-07-03T22:12:34.776,6.601048,0.100000,0.100000,-0.099000,-5792.000,-2896.000,-241.333,-1.263618,16.200,3.500,0.260,25.70,26.00,,,-4617.000,5419.000,-11.000,0.019902,-33161.680,-16580.840,-1381.737,-7.234756
2026-07-03T22:12:34.836,6.661071,0.100000,0.100000,-0.100000,-5797.000,-2898.500,-241.542,-1.264709,16.200,3.390,0.260,25.60,26.00,,,-4652.000,5454.000,-11.000,0.019941,-33097.577,-16548.788,-1379.066,-7.220771
2026-07-03T22:12:34.876,6.701005,0.100000,0.100000,-0.099000,-5820.000,-2910.000,-242.500,-1.269727,16.200,3.350,0.250,25.60,26.00,,,-4676.000,5478.000,-12.000,0.019885,-36208.179,-18104.089,-1508.674,-7.899399
2026-07-03T22:12:34.937,6.762166,0.100000,0.100000,-0.100000,-5794.000,-2897.000,-241.417,-1.264055,16.200,3.490,0.260,25.70,26.00,,,-4710.000,5512.000,-11.000,0.021045,-31360.632,-15680.316,-1306.693,-6.841829
2026-07-03T22:12:34.976,6.801035,0.100000,0.100000,-0.100000,-5801.000,-2900.500,-241.708,-1.265582,16.200,3.530,0.270,25.70,26.00,,,-4734.000,5536.000,-12.000,0.019908,-36166.022,-18083.011,-1506.918,-7.890202
2026-07-03T22:12:35.036,6.861018,0.100000,0.100000,-0.099000,-5767.000,-2883.500,-240.292,-1.258164,16.200,3.600,0.270,25.70,26.00,,,-4768.000,5570.000,-11.000,0.019890,-33182.444,-16591.222,-1382.602,-7.239286
2026-07-03T22:12:35.076,6.901049,0.100000,0.100000,-0.099000,-5787.000,-2893.500,-241.125,-1.262528,16.200,3.530,0.270,25.60,26.00,,,-4791.000,5593.000,-11.000,0.019909,-33150.800,-16575.400,-1381.283,-7.232383
2026-07-03T22:12:35.136,6.961020,0.100000,0.100000,-0.099000,-5771.000,-2885.500,-240.458,-1.259037,16.200,3.720,0.280,25.60,26.00,,,-4826.000,5628.000,-12.000,0.019767,-36424.758,-18212.379,-1517.698,-7.946650
2026-07-03T22:12:35.176,7.001050,0.100000,0.100000,-0.099000,-5785.000,-2892.500,-241.042,-1.262091,16.200,3.490,0.270,25.70,26.00,,,-4849.000,5651.000,-11.000,0.019877,-33204.249,-16602.125,-1383.510,-7.244043
2026-07-03T22:12:35.236,7.061088,0.100000,0.100000,-0.099000,-5785.000,-2892.500,-241.042,-1.262091,16.200,3.460,0.270,25.70,26.00,,,-4884.000,5686.000,-12.000,0.020025,-35954.914,-17977.457,-1498.121,-7.844145
2026-07-03T22:12:35.276,7.101128,0.100000,0.100000,-0.099000,-5791.000,-2895.500,-241.292,-1.263400,16.200,3.400,0.260,25.70,26.00,,,-4907.000,5709.000,-11.000,0.020039,-32936.028,-16468.014,-1372.335,-7.185527
2026-07-03T22:12:35.336,7.161168,0.100000,0.100000,-0.099000,-5778.000,-2889.000,-240.750,-1.260564,16.200,3.550,0.280,25.70,26.00,,,-4942.000,5744.000,-12.000,0.020001,-35998.483,-17999.241,-1499.937,-7.853651
2026-07-03T22:12:35.376,7.201077,0.100000,0.100000,-0.100000,-5781.000,-2890.500,-240.875,-1.261219,16.200,3.530,0.270,25.60,26.00,,,-4965.000,5767.000,-12.000,0.019892,-36194.717,-18097.358,-1508.113,-7.896462
2026-07-03T22:12:35.436,7.261063,0.100000,0.100000,-0.099000,-5791.000,-2895.500,-241.292,-1.263400,16.200,3.460,0.260,25.70,26.00,,,-5000.000,5802.000,-12.000,0.019953,-36085.414,-18042.707,-1503.559,-7.872616
2026-07-03T22:12:35.476,7.301324,0.100000,0.100000,-0.099000,-5803.000,-2901.500,-241.792,-1.266018,16.200,3.460,0.260,25.70,26.00,,,-5023.000,5825.000,-12.000,0.020129,-35769.167,-17884.584,-1490.382,-7.803622
2026-07-03T22:12:35.536,7.361134,0.100000,0.100000,-0.099000,-5812.000,-2906.000,-242.167,-1.267982,16.200,3.460,0.270,25.60,26.00,,,-5058.000,5860.000,-12.000,0.019906,-36169.396,-18084.698,-1507.058,-7.890938
2026-07-03T22:12:35.576,7.401031,0.100000,0.100000,-0.099000,-5791.000,-2895.500,-241.292,-1.263400,16.200,3.540,0.260,25.60,26.00,,,-5081.000,5883.000,-12.000,0.019875,-36225.677,-18112.838,-1509.403,-7.903217
2026-07-03T22:12:35.636,7.461273,0.100000,0.100000,-0.099000,-5824.000,-2912.000,-242.667,-1.270600,16.200,3.340,0.250,25.60,26.00,,,-5116.000,5918.000,-12.000,0.020092,-35834.600,-17917.300,-1493.108,-7.817897
2026-07-03T22:12:35.676,7.501089,0.100000,0.100000,-0.099000,-5821.000,-2910.500,-242.542,-1.269945,16.200,3.510,0.270,25.60,26.00,,,-5139.000,5941.000,-11.000,0.019945,-33091.306,-16545.653,-1378.804,-7.219403
2026-07-03T22:12:35.736,7.561097,0.100000,0.100000,-0.099000,-5817.000,-2908.500,-242.375,-1.269073,16.200,3.560,0.270,25.70,26.00,,,-5174.000,5976.000,-11.000,0.019966,-33056.869,-16528.435,-1377.370,-7.211890
2026-07-03T22:12:35.776,7.601137,0.100000,0.100000,-0.099000,-5702.000,-2851.000,-237.583,-1.243983,16.200,4.210,0.330,25.70,26.00,,,-5197.000,5999.000,-12.000,0.020028,-35949.224,-17974.612,-1497.884,-7.842904
2026-07-03T22:12:35.836,7.661078,0.100000,0.100000,-0.099000,-5677.000,-2838.500,-236.542,-1.238529,16.200,3.590,0.270,25.80,26.00,,,-5230.000,6032.000,-11.000,0.019954,-33076.334,-16538.167,-1378.181,-7.216137
2026-07-03T22:12:35.876,7.701086,0.100000,0.100000,-0.099000,-5803.000,-2901.500,-241.792,-1.266018,16.200,2.660,0.190,25.70,26.00,,,-5254.000,6056.000,-12.000,0.019694,-36558.759,-18279.379,-1523.282,-7.975884
2026-07-03T22:12:35.936,7.761107,0.100000,0.100000,-0.099000,-6058.000,-3029.000,-252.417,-1.321651,16.200,2.050,0.130,25.70,26.00,,,-5291.000,6093.000,-12.000,0.019922,-36141.784,-18070.892,-1505.908,-7.884914
2026-07-03T22:12:35.976,7.801104,0.100000,0.100000,-0.099000,-6148.000,-3074.000,-256.167,-1.341286,16.200,1.790,0.110,25.70,26.00,,,-5316.000,6118.000,-12.000,0.019941,-36106.909,-18053.454,-1504.455,-7.877306
2026-07-03T22:12:36.036,7.861160,0.100000,0.100000,-0.100000,-6255.000,-3127.500,-260.625,-1.364629,16.200,1.870,0.120,25.70,26.00,,,-5355.000,6157.000,-13.000,0.020008,-38984.564,-19492.282,-1624.357,-8.505113
2026-07-03T22:12:36.076,7.901030,0.100000,0.100000,-0.099000,-6302.000,-3151.000,-262.583,-1.374883,16.200,1.550,0.090,25.70,26.00,,,-5380.000,6182.000,-13.000,0.019869,-39256.435,-19628.217,-1635.685,-8.564426
2026-07-03T22:12:36.136,7.961164,0.100000,0.100000,-0.099000,-6335.000,-3167.500,-263.958,-1.382083,16.200,1.620,0.090,25.60,26.00,,,-5418.000,6220.000,-12.000,0.019912,-36159.102,-18079.551,-1506.629,-7.888692
2026-07-03T22:12:36.176,8.001077,0.100000,0.100000,-0.099000,-6332.000,-3166.000,-263.833,-1.381428,16.200,1.470,0.080,25.60,26.00,,,-5443.000,6245.000,-12.000,0.019908,-36165.964,-18082.982,-1506.915,-7.890189
