timestamp,elapsed_time,mode,mock,duty_cmd,measured_erpm,motor_rpm,wheel_rpm,vehicle_speed_mps,duty_now,motor_current,input_current,input_voltage,warning
1782477721.418152,0.001,hand-roll,False,0.00000,0.00,0.00,0.00,0.0000,0.00000,0.000,0.000,16.000,near_zero
1782477721.468263,0.051,hand-roll,False,0.00000,0.00,0.00,0.00,0.0000,0.00000,0.000,0.000,16.100,near_zero
1782477721.518652,0.101,hand-roll,False,0.00000,0.00,0.00,0.00,0.0000,0.00000,0.000,0.000,16.000,near_zero
1782477721.569044,0.152,hand-roll,False,0.00000,0.00,0.00,0.00,0.0000,0.00000,0.000,0.000,16.000,near_zero
1782477721.618816,0.201,hand-roll,False,0.00000,0.00,0.00,0.00,0.0000,-0.00100,0.000,0.000,16.000,near_zero
1782477721.668906,0.251,hand-roll,False,0.00000,0.00,0.00,0.00,0.0000,0.00000,0.000,0.000,16.000,near_zero
1782477721.719004,0.301,hand-roll,False,0.00000,0.00,0.00,0.00,0.0000,0.00000,0.000,0.000,16.000,near_zero
1782477721.768969,0.351,hand-roll,False,0.00000,0.00,0.00,0.00,0.0000,0.00000,0.000,0.000,16.000,near_zero
1782477721.819037,0.402,hand-roll,False,0.00000,0.00,0.00,0.00,0.0000,0.00000,0.000,0.000,16.000,near_zero
1782477721.869270,0.452,hand-roll,False,0.00000,0.00,0.00,0.00,0.0000,0.00000,0.000,0.000,16.100,near_zero
1782477721.919225,0.502,hand-roll,False,0.00000,0.00,0.00,0.00,0.0000,0.00000,0.000,0.000,16.000,near_zero
1782477721.969336,0.552,hand-roll,False,0.00000,0.00,0.00,0.00,0.0000,-0.00100,0.000,0.000,16.000,near_zero
1782477722.019355,0.602,hand-roll,False,0.00000,0.00,0.00,0.00,0.0000,0.00000,0.000,0.000,16.000,near_zero
1782477722.069434,0.652,hand-roll,False,0.00000,0.00,0.00,0.00,0.0000,0.00000,0.000,0.000,16.000,near_zero
1782477722.119569,0.702,hand-roll,False,0.00000,0.00,0.00,0.00,0.0000,0.00000,0.000,0.000,16.000,near_zero
1782477722.169693,0.752,hand-roll,False,0.00000,0.00,0.00,0.00,0.0000,0.00000,0.000,0.000,16.100,near_zero
1782477722.219859,0.802,hand-roll,False,0.00000,0.00,0.00,0.00,0.0000,0.00000,0.000,0.000,16.100,near_zero
1782477722.269892,0.852,hand-roll,False,0.00000,0.00,0.00,0.00,0.0000,0.00000,0.000,0.000,16.000,near_zero
1782477722.319829,0.902,hand-roll,False,0.00000,0.00,0.00,0.00,0.0000,0.00000,0.000,0.000,16.000,near_zero
1782477722.370069,0.953,hand-roll,False,0.00000,40.00,5.71,5.71,0.0299,0.00300,0.000,0.000,16.000,near_zero
1782477722.420231,1.003,hand-roll,False,0.00000,-76.00,-10.86,-10.86,-0.0568,-0.01000,0.000,0.000,16.000,near_zero
1782477722.470244,1.053,hand-roll,False,0.00000,-64.00,-9.14,-9.14,-0.0479,-0.01200,0.000,0.000,16.000,near_zero
1782477722.520371,1.103,hand-roll,False,0.00000,-104.00,-14.86,-14.86,-0.0778,-0.01000,0.000,0.000,16.100,negative_erpm
1782477722.570366,1.153,hand-roll,False,0.00000,-92.00,-13.14,-13.14,-0.0688,-0.00800,0.000,0.000,16.000,negative_erpm
1782477722.620689,1.203,hand-roll,False,0.00000,18.00,2.57,2.57,0.0135,0.00300,0.000,0.000,16.000,near_zero
1782477722.670961,1.253,hand-roll,False,0.00000,2.00,0.29,0.29,0.0015,0.00000,0.000,0.000,16.000,near_zero
1782477722.721324,1.304,hand-roll,False,0.00000,0.00,0.00,0.00,0.0000,0.00100,0.000,0.000,16.100,near_zero
1782477722.771496,1.354,hand-roll,False,0.00000,-1.00,-0.14,-0.14,-0.0007,0.00100,0.000,0.000,16.000,near_zero
1782477722.821553,1.404,hand-roll,False,0.00000,-13.00,-1.86,-1.86,-0.0097,-0.00300,0.000,0.000,16.100,near_zero
1782477722.871583,1.454,hand-roll,False,0.00000,159.00,22.71,22.71,0.1189,0.00300,0.000,0.000,16.000,positive_erpm
1782477722.921329,1.504,hand-roll,False,0.00000,-96.00,-13.71,-13.71,-0.0718,-0.00600,0.000,0.000,16.000,negative_erpm
1782477722.971365,1.554,hand-roll,False,0.00000,92.00,13.14,13.14,0.0688,0.00300,0.000,0.000,16.100,positive_erpm
1782477723.022130,1.605,hand-roll,False,0.00000,-7.00,-1.00,-1.00,-0.0052,0.00000,0.000,0.000,16.100,near_zero
1782477723.071616,1.654,hand-roll,False,0.00000,-19.00,-2.71,-2.71,-0.0142,0.00000,0.000,0.000,16.100,near_zero
1782477723.121688,1.704,hand-roll,False,0.00000,-6.00,-0.86,-0.86,-0.0045,0.00000,0.000,0.000,16.000,near_zero
1782477723.171719,1.754,hand-roll,False,0.00000,0.00,0.00,0.00,0.0000,0.00000,0.000,0.000,16.100,near_zero
1782477723.221844,1.804,hand-roll,False,0.00000,5.00,0.71,0.71,0.0037,-0.00100,0.000,0.000,16.100,near_zero
1782477723.271926,1.854,hand-roll,False,0.00000,21.00,3.00,3.00,0.0157,-0.00200,0.000,0.000,16.100,near_zero
1782477723.322040,1.905,hand-roll,False,0.00000,-73.00,-10.43,-10.43,-0.0546,-0.00500,0.000,0.000,16.100,near_zero
1782477723.372193,1.955,hand-roll,False,0.00000,-50.00,-7.14,-7.14,-0.0374,-0.00900,0.000,0.000,16.000,near_zero
1782477723.422214,2.005,hand-roll,False,0.00000,7.00,1.00,1.00,0.0052,0.00400,0.000,0.000,16.000,near_zero
1782477723.472636,2.055,hand-roll,False,0.00000,9.00,1.29,1.29,0.0067,0.00000,0.000,0.000,16.000,near_zero
1782477723.522762,2.105,hand-roll,False,0.00000,0.00,0.00,0.00,0.0000,0.00000,0.000,0.000,16.000,near_zero
1782477723.572687,2.155,hand-roll,False,0.00000,11.00,1.57,1.57,0.0082,0.00100,0.000,0.000,16.000,near_zero
1782477723.622935,2.205,hand-roll,False,0.00000,-5.00,-0.71,-0.71,-0.0037,-0.00100,0.000,0.000,16.000,near_zero
1782477723.672808,2.255,hand-roll,False,0.00000,0.00,0.00,0.00,0.0000,0.00000,0.000,0.000,16.000,near_zero
1782477723.722864,2.305,hand-roll,False,0.00000,57.00,8.14,8.14,0.0426,0.00400,0.000,0.000,16.000,near_zero
1782477723.772938,2.355,hand-roll,False,0.00000,-112.00,-16.00,-16.00,-0.0838,-0.00600,0.000,0.000,16.100,negative_erpm
1782477723.822987,2.405,hand-roll,False,0.00000,30.00,4.29,4.29,0.0224,0.01800,0.000,0.000,16.000,near_zero
1782477723.873370,2.456,hand-roll,False,0.00000,102.00,14.57,14.57,0.0763,-0.01500,0.000,0.000,16.100,positive_erpm
1782477723.923121,2.506,hand-roll,False,0.00000,138.00,19.71,19.71,0.1032,0.00400,0.000,0.000,16.000,positive_erpm
1782477723.973240,2.556,hand-roll,False,0.00000,-22.00,-3.14,-3.14,-0.0165,0.00000,0.000,0.000,16.000,near_zero
1782477724.023293,2.606,hand-roll,False,0.00000,-9.00,-1.29,-1.29,-0.0067,0.00000,0.000,0.000,16.000,near_zero
1782477724.073709,2.656,hand-roll,False,0.00000,-12.00,-1.71,-1.71,-0.0090,0.00000,0.000,0.000,16.000,near_zero
1782477724.123897,2.706,hand-roll,False,0.00000,-2.00,-0.29,-0.29,-0.0015,0.00000,0.000,0.000,16.000,near_zero
1782477724.173645,2.756,hand-roll,False,0.00000,0.00,0.00,0.00,0.0000,-0.00100,0.000,0.000,16.000,near_zero
1782477724.223723,2.806,hand-roll,False,0.00000,13.00,1.86,1.86,0.0097,-0.00500,0.000,0.000,16.100,near_zero
1782477724.273892,2.856,hand-roll,False,0.00000,-84.00,-12.00,-12.00,-0.0628,-0.00500,0.000,0.000,16.000,negative_erpm
1782477724.324058,2.907,hand-roll,False,0.00000,-152.00,-21.71,-21.71,-0.1137,-0.01000,0.000,0.000,16.000,negative_erpm
1782477724.374060,2.957,hand-roll,False,0.00000,119.00,17.00,17.00,0.0890,-0.01800,0.000,0.000,16.000,positive_erpm
1782477724.424076,3.007,hand-roll,False,0.00000,-40.00,-5.71,-5.71,-0.0299,-0.01200,0.000,0.000,16.000,near_zero
1782477724.474182,3.057,hand-roll,False,0.00000,128.00,18.29,18.29,0.0957,-0.00500,0.000,0.000,16.000,positive_erpm
1782477724.529103,3.112,hand-roll,False,0.00000,-17.00,-2.43,-2.43,-0.0127,0.00000,0.000,0.000,16.000,near_zero
1782477724.579120,3.162,hand-roll,False,0.00000,-11.00,-1.57,-1.57,-0.0082,0.00100,0.000,0.000,16.100,near_zero
1782477724.629341,3.212,hand-roll,False,0.00000,0.00,0.00,0.00,0.0000,0.00000,0.000,0.000,16.000,near_zero
1782477724.679179,3.262,hand-roll,False,0.00000,32.00,4.57,4.57,0.0239,-0.00500,0.000,0.000,16.000,near_zero
1782477724.729163,3.312,hand-roll,False,0.00000,-23.00,-3.29,-3.29,-0.0172,-0.00900,0.000,0.000,16.000,near_zero
1782477724.779442,3.362,hand-roll,False,0.00000,-136.00,-19.43,-19.43,-0.1017,0.01400,0.000,0.000,16.100,negative_erpm
1782477724.829548,3.412,hand-roll,False,0.00000,148.00,21.14,21.14,0.1107,0.00800,0.000,0.000,16.100,positive_erpm
1782477724.879696,3.462,hand-roll,False,0.00000,-97.00,-13.86,-13.86,-0.0726,-0.00200,0.000,0.000,16.000,negative_erpm
1782477724.929586,3.512,hand-roll,False,0.00000,2.00,0.29,0.29,0.0015,0.00100,0.000,0.000,16.000,near_zero
1782477724.979709,3.562,hand-roll,False,0.00000,4.00,0.57,0.57,0.0030,0.00000,0.000,0.000,16.000,near_zero
1782477725.029827,3.612,hand-roll,False,0.00000,0.00,0.00,0.00,0.0000,0.00000,0.000,0.000,16.100,near_zero
1782477725.079997,3.662,hand-roll,False,0.00000,-44.00,-6.29,-6.29,-0.0329,-0.00500,0.000,0.000,16.000,near_zero
1782477725.130140,3.713,hand-roll,False,0.00000,-130.00,-18.57,-18.57,-0.0972,-0.00800,0.000,0.000,16.000,negative_erpm
1782477725.180228,3.763,hand-roll,False,0.00000,127.00,18.14,18.14,0.0950,0.00900,0.000,0.000,16.100,positive_erpm
1782477725.230335,3.813,hand-roll,False,0.00000,136.00,19.43,19.43,0.1017,0.00600,0.000,0.000,16.000,positive_erpm
1782477725.280306,3.863,hand-roll,False,0.00000,0.00,0.00,0.00,0.0000,0.00000,0.000,0.000,16.000,near_zero
1782477725.330465,3.913,hand-roll,False,0.00000,-3.00,-0.43,-0.43,-0.0022,0.00000,0.000,0.000,16.000,near_zero
1782477725.380491,3.963,hand-roll,False,0.00000,2.00,0.29,0.29,0.0015,0.00000,0.000,0.000,16.000,near_zero
1782477725.430738,4.013,hand-roll,False,0.00000,0.00,0.00,0.00,0.0000,0.00000,0.000,0.000,16.100,near_zero
1782477725.480975,4.063,hand-roll,False,0.00000,-26.00,-3.71,-3.71,-0.0194,-0.00600,0.000,0.000,16.000,near_zero
1782477725.530865,4.113,hand-roll,False,0.00000,-53.00,-7.57,-7.57,-0.0396,-0.01300,0.000,0.000,16.000,near_zero
1782477725.580922,4.163,hand-roll,False,0.00000,-133.00,-19.00,-19.00,-0.0995,-0.00700,0.000,0.000,16.000,negative_erpm
1782477725.631198,4.214,hand-roll,False,0.00000,-104.00,-14.86,-14.86,-0.0778,-0.00400,0.000,0.000,16.000,negative_erpm
1782477725.681085,4.264,hand-roll,False,0.00000,25.00,3.57,3.57,0.0187,0.00100,0.000,0.000,16.000,near_zero
1782477725.731445,4.314,hand-roll,False,0.00000,4.00,0.57,0.57,0.0030,0.00000,0.000,0.000,16.000,near_zero
1782477725.781253,4.364,hand-roll,False,0.00000,1.00,0.14,0.14,0.0007,0.00000,0.000,0.000,16.000,near_zero
1782477725.831521,4.414,hand-roll,False,0.00000,5.00,0.71,0.71,0.0037,0.00100,0.000,0.000,16.000,near_zero
1782477725.881733,4.464,hand-roll,False,0.00000,74.00,10.57,10.57,0.0554,0.00900,0.000,0.000,16.000,near_zero
1782477725.931690,4.514,hand-roll,False,0.00000,-156.00,-22.29,-22.29,-0.1167,0.01200,0.000,0.000,16.000,negative_erpm
1782477725.981778,4.564,hand-roll,False,0.00000,-3.00,-0.43,-0.43,-0.0022,0.01200,0.000,0.000,16.000,near_zero
1782477726.031884,4.614,hand-roll,False,0.00000,-26.00,-3.71,-3.71,-0.0194,-0.00300,0.000,0.000,16.000,near_zero
1782477726.081941,4.664,hand-roll,False,0.00000,8.00,1.14,1.14,0.0060,0.00000,0.000,0.000,16.000,near_zero
1782477726.131938,4.714,hand-roll,False,0.00000,0.00,0.00,0.00,0.0000,0.00000,0.000,0.000,16.000,near_zero
1782477726.182343,4.765,hand-roll,False,0.00000,1.00,0.14,0.14,0.0007,-0.00100,0.000,0.000,16.000,near_zero
1782477726.232237,4.815,hand-roll,False,0.00000,-70.00,-10.00,-10.00,-0.0524,-0.00400,0.000,0.000,16.000,near_zero
1782477726.282278,4.865,hand-roll,False,0.00000,-60.00,-8.57,-8.57,-0.0449,-0.01800,0.000,0.000,16.000,near_zero
1782477726.332397,4.915,hand-roll,False,0.00000,-248.00,-35.43,-35.43,-0.1855,-0.01200,0.000,0.000,16.000,negative_erpm
1782477726.382471,4.965,hand-roll,False,0.00000,-142.00,-20.29,-20.29,-0.1062,0.00800,0.000,0.000,16.100,negative_erpm
1782477726.432510,5.015,hand-roll,False,0.00000,116.00,16.57,16.57,0.0868,0.00100,0.000,0.000,16.000,positive_erpm
1782477726.482667,5.065,hand-roll,False,0.00000,85.00,12.14,12.14,0.0636,0.00000,0.000,0.000,16.000,positive_erpm
1782477726.533013,5.115,hand-roll,False,0.00000,42.00,6.00,6.00,0.0314,0.00000,0.000,0.000,16.000,near_zero
1782477726.582992,5.165,hand-roll,False,0.00000,17.00,2.43,2.43,0.0127,0.00000,0.000,0.000,16.000,near_zero
1782477726.633054,5.216,hand-roll,False,0.00000,-129.00,-18.43,-18.43,-0.0965,-0.00900,0.000,0.000,16.000,negative_erpm
1782477726.683067,5.266,hand-roll,False,0.00000,-123.00,-17.57,-17.57,-0.0920,-0.01300,0.000,0.000,16.100,negative_erpm
1782477726.733140,5.316,hand-roll,False,0.00000,-100.00,-14.29,-14.29,-0.0748,-0.00800,0.000,0.000,16.000,negative_erpm
1782477726.783516,5.366,hand-roll,False,0.00000,11.00,1.57,1.57,0.0082,0.00000,0.000,0.000,16.000,near_zero
1782477726.833533,5.416,hand-roll,False,0.00000,45.00,6.43,6.43,0.0337,0.00100,0.000,0.000,16.000,near_zero
1782477726.883629,5.466,hand-roll,False,0.00000,64.00,9.14,9.14,0.0479,0.00100,0.000,0.000,16.000,near_zero
1782477726.933692,5.516,hand-roll,False,0.00000,74.00,10.57,10.57,0.0554,0.00000,0.000,0.000,16.000,near_zero
1782477726.983886,5.566,hand-roll,False,0.00000,134.00,19.14,19.14,0.1002,0.00500,0.000,0.000,16.000,positive_erpm
1782477727.033928,5.616,hand-roll,False,0.00000,-406.00,-58.00,-58.00,-0.3037,-0.01000,0.000,0.000,16.000,negative_erpm
1782477727.084067,5.667,hand-roll,False,0.00000,-1030.00,-147.14,-147.14,-0.7704,-0.00800,0.000,0.000,16.000,negative_erpm
1782477727.134110,5.717,hand-roll,False,0.00000,-897.00,-128.14,-128.14,-0.6710,-0.00200,0.000,0.000,16.100,negative_erpm
1782477727.184361,5.767,hand-roll,False,0.00000,70.00,10.00,10.00,0.0524,0.00000,0.000,0.000,16.000,near_zero
1782477727.234306,5.817,hand-roll,False,0.00000,20.00,2.86,2.86,0.0150,0.00000,0.000,0.000,16.000,near_zero
1782477727.284410,5.867,hand-roll,False,0.00000,57.00,8.14,8.14,0.0426,0.00100,0.000,0.000,16.000,near_zero
1782477727.334489,5.917,hand-roll,False,0.00000,75.00,10.71,10.71,0.0561,0.00100,0.000,0.000,16.100,near_zero
1782477727.384578,5.967,hand-roll,False,0.00000,181.00,25.86,25.86,0.1354,-0.00700,0.000,0.000,16.000,positive_erpm
1782477727.434783,6.017,hand-roll,False,0.00000,-729.00,-104.14,-104.14,-0.5453,-0.01600,0.000,0.000,16.000,negative_erpm
1782477727.484831,6.067,hand-roll,False,0.00000,-1013.00,-144.71,-144.71,-0.7577,-0.00400,0.000,0.000,16.100,negative_erpm
1782477727.534862,6.117,hand-roll,False,0.00000,-727.00,-103.86,-103.86,-0.5438,-0.00100,0.000,0.000,16.000,negative_erpm
1782477727.584955,6.167,hand-roll,False,0.00000,-52.00,-7.43,-7.43,-0.0389,0.00000,0.000,0.000,16.100,near_zero
1782477727.635061,6.218,hand-roll,False,0.00000,-67.00,-9.57,-9.57,-0.0501,0.00000,0.000,0.000,16.000,near_zero
1782477727.685063,6.268,hand-roll,False,0.00000,-75.00,-10.71,-10.71,-0.0561,0.00000,0.000,0.000,16.000,near_zero
1782477727.735320,6.318,hand-roll,False,0.00000,-68.00,-9.71,-9.71,-0.0509,-0.00700,0.000,0.000,16.000,near_zero
1782477727.785840,6.368,hand-roll,False,0.00000,-553.00,-79.00,-79.00,-0.4136,-0.01500,0.000,0.000,16.100,negative_erpm
1782477727.835545,6.418,hand-roll,False,0.00000,-1166.00,-166.57,-166.57,-0.8722,-0.01800,0.000,0.000,16.000,negative_erpm
1782477727.885614,6.468,hand-roll,False,0.00000,-1205.00,-172.14,-172.14,-0.9013,-0.00600,0.000,0.000,16.000,negative_erpm
1782477727.935673,6.518,hand-roll,False,0.00000,9.00,1.29,1.29,0.0067,0.00100,0.000,0.000,16.000,near_zero
1782477727.986033,6.569,hand-roll,False,0.00000,30.00,4.29,4.29,0.0224,0.00000,0.000,0.000,16.000,near_zero
1782477728.035917,6.618,hand-roll,False,0.00000,28.00,4.00,4.00,0.0209,0.00000,0.000,0.000,16.000,near_zero
1782477728.085943,6.668,hand-roll,False,0.00000,4.00,0.57,0.57,0.0030,0.00000,0.000,0.000,16.000,near_zero
1782477728.136083,6.719,hand-roll,False,0.00000,145.00,20.71,20.71,0.1085,-0.00800,0.000,0.000,16.000,positive_erpm
1782477728.186119,6.769,hand-roll,False,0.00000,-471.00,-67.29,-67.29,-0.3523,-0.00800,0.000,0.000,16.000,negative_erpm
1782477728.236271,6.819,hand-roll,False,0.00000,-130.00,-18.57,-18.57,-0.0972,-0.00500,0.000,0.000,16.000,negative_erpm
1782477728.286511,6.869,hand-roll,False,0.00000,-14.00,-2.00,-2.00,-0.0105,0.00100,0.000,0.000,16.000,near_zero
1782477728.336596,6.919,hand-roll,False,0.00000,-35.00,-5.00,-5.00,-0.0262,0.00000,0.000,0.000,16.000,near_zero
1782477728.386759,6.969,hand-roll,False,0.00000,-70.00,-10.00,-10.00,-0.0524,0.00000,0.000,0.000,16.000,near_zero
1782477728.436804,7.019,hand-roll,False,0.00000,-75.00,-10.71,-10.71,-0.0561,0.00000,0.000,0.000,16.000,near_zero
1782477728.486954,7.069,hand-roll,False,0.00000,-211.00,-30.14,-30.14,-0.1578,-0.01200,0.000,0.000,16.000,negative_erpm
1782477728.536952,7.119,hand-roll,False,0.00000,-816.00,-116.57,-116.57,-0.6104,-0.00700,0.000,0.000,16.000,negative_erpm
1782477728.587144,7.170,hand-roll,False,0.00000,-964.00,-137.71,-137.71,-0.7211,-0.00300,0.000,0.000,16.000,negative_erpm
1782477728.637182,7.220,hand-roll,False,0.00000,14.00,2.00,2.00,0.0105,0.00000,0.000,0.000,16.000,near_zero
1782477728.687237,7.270,hand-roll,False,0.00000,45.00,6.43,6.43,0.0337,0.00000,0.000,0.000,16.000,near_zero
1782477728.737476,7.320,hand-roll,False,0.00000,35.00,5.00,5.00,0.0262,0.00100,0.000,0.000,16.000,near_zero
1782477728.788059,7.371,hand-roll,False,0.00000,26.00,3.71,3.71,0.0194,0.00000,0.000,0.000,16.000,near_zero
1782477728.837830,7.420,hand-roll,False,0.00000,132.00,18.86,18.86,0.0987,-0.01200,0.000,0.000,16.000,positive_erpm
1782477728.887889,7.470,hand-roll,False,0.00000,133.00,19.00,19.00,0.0995,0.00800,0.000,0.000,16.000,positive_erpm
1782477728.937925,7.520,hand-roll,False,0.00000,-402.00,-57.43,-57.43,-0.3007,-0.00700,0.000,0.000,16.000,negative_erpm
1782477728.987933,7.570,hand-roll,False,0.00000,-24.00,-3.43,-3.43,-0.0180,-0.00100,0.000,0.000,16.000,near_zero
1782477729.038133,7.621,hand-roll,False,0.00000,-3.00,-0.43,-0.43,-0.0022,0.00000,0.000,0.000,16.000,near_zero
1782477729.088267,7.671,hand-roll,False,0.00000,-12.00,-1.71,-1.71,-0.0090,0.00000,0.000,0.000,16.000,near_zero
1782477729.138260,7.721,hand-roll,False,0.00000,-16.00,-2.29,-2.29,-0.0120,0.00000,0.000,0.000,16.100,near_zero
1782477729.188346,7.771,hand-roll,False,0.00000,-66.00,-9.43,-9.43,-0.0494,-0.01000,0.000,0.000,16.000,near_zero
1782477729.238529,7.821,hand-roll,False,0.00000,-82.00,-11.71,-11.71,-0.0613,-0.01000,0.000,0.000,16.000,negative_erpm
1782477729.288584,7.871,hand-roll,False,0.00000,-109.00,-15.57,-15.57,-0.0815,-0.00700,0.000,0.000,16.000,negative_erpm
1782477729.338793,7.921,hand-roll,False,0.00000,16.00,2.29,2.29,0.0120,0.00000,0.000,0.000,16.000,near_zero
1782477729.388894,7.971,hand-roll,False,0.00000,33.00,4.71,4.71,0.0247,0.00000,0.000,0.000,16.000,near_zero
1782477729.439367,8.022,hand-roll,False,0.00000,19.00,2.71,2.71,0.0142,0.00000,0.000,0.000,16.000,near_zero
1782477729.489201,8.072,hand-roll,False,0.00000,9.00,1.29,1.29,0.0067,0.00000,0.000,0.000,16.100,near_zero
1782477729.539250,8.122,hand-roll,False,0.00000,76.00,10.86,10.86,0.0568,-0.01000,0.000,0.000,16.100,near_zero
1782477729.589380,8.172,hand-roll,False,0.00000,-16.00,-2.29,-2.29,-0.0120,-0.01500,0.000,0.000,16.000,near_zero
1782477729.639413,8.222,hand-roll,False,0.00000,-121.00,-17.29,-17.29,-0.0905,-0.00600,0.000,0.000,16.000,negative_erpm
1782477729.689512,8.272,hand-roll,False,0.00000,37.00,5.29,5.29,0.0277,-0.00100,0.000,0.000,16.000,near_zero
1782477729.739610,8.322,hand-roll,False,0.00000,-14.00,-2.00,-2.00,-0.0105,0.00000,0.000,0.000,16.000,near_zero
1782477729.789668,8.372,hand-roll,False,0.00000,-18.00,-2.57,-2.57,-0.0135,0.00000,0.000,0.000,16.000,near_zero
1782477729.839759,8.422,hand-roll,False,0.00000,0.00,0.00,0.00,0.0000,0.00200,0.000,0.000,16.000,near_zero
1782477729.890178,8.473,hand-roll,False,0.00000,-87.00,-12.43,-12.43,-0.0651,-0.00700,0.000,0.000,16.000,negative_erpm
1782477729.940073,8.523,hand-roll,False,0.00000,-14.00,-2.00,-2.00,-0.0105,-0.01200,0.000,0.000,16.000,near_zero
1782477729.990105,8.573,hand-roll,False,0.00000,-131.00,-18.71,-18.71,-0.0980,-0.00800,0.000,0.000,16.000,negative_erpm
1782477730.040417,8.623,hand-roll,False,0.00000,-14.00,-2.00,-2.00,-0.0105,0.00000,0.000,0.000,16.000,near_zero
1782477730.090480,8.673,hand-roll,False,0.00000,-14.00,-2.00,-2.00,-0.0105,-0.00100,0.000,0.000,16.000,near_zero
1782477730.140566,8.723,hand-roll,False,0.00000,-72.00,-10.29,-10.29,-0.0539,0.00100,0.000,0.000,16.100,near_zero
1782477730.190618,8.773,hand-roll,False,0.00000,17.00,2.43,2.43,0.0127,0.00000,0.000,0.000,16.000,near_zero
1782477730.241303,8.824,hand-roll,False,0.00000,-14.00,-2.00,-2.00,-0.0105,-0.00700,0.000,0.000,16.000,near_zero
1782477730.290871,8.873,hand-roll,False,0.00000,-41.00,-5.86,-5.86,-0.0307,-0.01200,0.000,0.000,16.100,near_zero
1782477730.340947,8.923,hand-roll,False,0.00000,-30.00,-4.29,-4.29,-0.0224,-0.00500,0.000,0.000,16.000,near_zero
1782477730.391086,8.974,hand-roll,False,0.00000,-2.00,-0.29,-0.29,-0.0015,0.00000,0.000,0.000,16.000,near_zero
1782477730.441074,9.024,hand-roll,False,0.00000,4.00,0.57,0.57,0.0030,-0.00100,0.000,0.000,16.000,near_zero
1782477730.491264,9.074,hand-roll,False,0.00000,0.00,0.00,0.00,0.0000,0.00000,0.000,0.000,16.000,near_zero
1782477730.541337,9.124,hand-roll,False,0.00000,1.00,0.14,0.14,0.0007,0.00000,0.000,0.000,16.000,near_zero
1782477730.591398,9.174,hand-roll,False,0.00000,61.00,8.71,8.71,0.0456,0.01200,0.000,0.000,16.000,near_zero
1782477730.641559,9.224,hand-roll,False,0.00000,143.00,20.43,20.43,0.1070,-0.01000,0.000,0.000,16.000,positive_erpm
1782477730.691626,9.274,hand-roll,False,0.00000,117.00,16.71,16.71,0.0875,-0.00800,0.000,0.000,16.000,positive_erpm
1782477730.741708,9.324,hand-roll,False,0.00000,0.00,0.00,0.00,0.0000,0.00000,0.000,0.000,16.000,near_zero
1782477730.791580,9.374,hand-roll,False,0.00000,0.00,0.00,0.00,0.0000,-0.00200,0.000,0.000,16.000,near_zero
1782477730.842098,9.425,hand-roll,False,0.00000,0.00,0.00,0.00,0.0000,0.00000,0.000,0.000,16.000,near_zero
1782477730.891933,9.474,hand-roll,False,0.00000,0.00,0.00,0.00,0.0000,-0.00500,0.000,0.000,16.000,near_zero
1782477730.942353,9.525,hand-roll,False,0.00000,112.00,16.00,16.00,0.0838,-0.01700,0.000,0.000,16.100,positive_erpm
1782477730.992168,9.575,hand-roll,False,0.00000,-112.00,-16.00,-16.00,-0.0838,-0.01200,0.000,0.000,16.000,negative_erpm
1782477731.042551,9.625,hand-roll,False,0.00000,-118.00,-16.86,-16.86,-0.0883,-0.00300,0.000,0.000,16.100,negative_erpm
1782477731.092370,9.675,hand-roll,False,0.00000,9.00,1.29,1.29,0.0067,0.00100,0.000,0.000,16.000,near_zero
1782477731.142590,9.725,hand-roll,False,0.00000,16.00,2.29,2.29,0.0120,0.00100,0.000,0.000,16.000,near_zero
1782477731.192569,9.775,hand-roll,False,0.00000,15.00,2.14,2.14,0.0112,0.00000,0.000,0.000,16.000,near_zero
1782477731.243155,9.826,hand-roll,False,0.00000,0.00,0.00,0.00,0.0000,0.00000,0.000,0.000,16.000,near_zero
1782477731.292846,9.875,hand-roll,False,0.00000,0.00,0.00,0.00,0.0000,-0.00100,0.000,0.000,16.000,near_zero
1782477731.343032,9.925,hand-roll,False,0.00000,-195.00,-27.86,-27.86,-0.1459,-0.01000,0.000,0.000,16.000,negative_erpm
1782477731.393328,9.976,hand-roll,False,0.00000,133.00,19.00,19.00,0.0995,0.01400,0.000,0.000,16.000,positive_erpm
1782477731.443615,10.026,hand-roll,False,0.00000,-160.00,-22.86,-22.86,-0.1197,-0.01200,0.000,0.000,16.000,negative_erpm
1782477731.493242,10.076,hand-roll,False,0.00000,-507.00,-72.43,-72.43,-0.3792,-0.00400,0.000,0.000,16.000,negative_erpm
1782477731.543242,10.126,hand-roll,False,0.00000,42.00,6.00,6.00,0.0314,0.00000,0.000,0.000,16.000,near_zero
1782477731.593359,10.176,hand-roll,False,0.00000,7.00,1.00,1.00,0.0052,0.00100,0.000,0.000,16.000,near_zero
1782477731.643374,10.226,hand-roll,False,0.00000,8.00,1.14,1.14,0.0060,0.00000,0.000,0.000,16.000,near_zero
1782477731.693765,10.276,hand-roll,False,0.00000,-30.00,-4.29,-4.29,-0.0224,-0.00300,0.000,0.000,16.000,near_zero
1782477731.743867,10.326,hand-roll,False,0.00000,106.00,15.14,15.14,0.0793,0.01800,0.000,0.000,16.000,positive_erpm
1782477731.794033,10.377,hand-roll,False,0.00000,-834.00,-119.14,-119.14,-0.6238,-0.01100,0.000,0.000,16.000,negative_erpm
1782477731.843982,10.426,hand-roll,False,0.00000,-1280.00,-182.86,-182.86,-0.9574,-0.01400,0.000,0.000,16.000,negative_erpm
1782477731.894097,10.477,hand-roll,False,0.00000,-1160.00,-165.71,-165.71,-0.8677,-0.00400,0.000,0.000,16.000,negative_erpm
1782477731.944265,10.527,hand-roll,False,0.00000,26.00,3.71,3.71,0.0194,-0.00100,0.000,0.000,16.000,near_zero
1782477731.994302,10.577,hand-roll,False,0.00000,-2.00,-0.29,-0.29,-0.0015,-0.00100,0.000,0.000,16.000,near_zero
1782477732.044298,10.627,hand-roll,False,0.00000,0.00,0.00,0.00,0.0000,0.00000,0.000,0.000,16.000,near_zero
1782477732.094310,10.677,hand-roll,False,0.00000,0.00,0.00,0.00,0.0000,-0.00100,0.000,0.000,16.000,near_zero
1782477732.144464,10.727,hand-roll,False,0.00000,-5.00,-0.71,-0.71,-0.0037,0.00000,0.000,0.000,16.000,near_zero
1782477732.194602,10.777,hand-roll,False,0.00000,-105.00,-15.00,-15.00,-0.0785,0.01300,0.000,0.000,16.000,negative_erpm
1782477732.244687,10.827,hand-roll,False,0.00000,81.00,11.57,11.57,0.0606,0.01700,0.000,0.000,16.000,positive_erpm
1782477732.294770,10.877,hand-roll,False,0.00000,-20.00,-2.86,-2.86,-0.0150,-0.00900,0.000,0.000,16.000,near_zero
1782477732.344931,10.927,hand-roll,False,0.00000,-31.00,-4.43,-4.43,-0.0232,-0.00500,0.000,0.000,16.000,near_zero
1782477732.395050,10.978,hand-roll,False,0.00000,40.00,5.71,5.71,0.0299,0.00000,0.000,0.000,16.000,near_zero
1782477732.445337,11.028,hand-roll,False,0.00000,8.00,1.14,1.14,0.0060,0.00000,0.000,0.000,16.000,near_zero
1782477732.495111,11.078,hand-roll,False,0.00000,5.00,0.71,0.71,0.0037,0.00000,0.000,0.000,16.000,near_zero
1782477732.545274,11.128,hand-roll,False,0.00000,3.00,0.43,0.43,0.0022,0.00000,0.000,0.000,16.000,near_zero
1782477732.595347,11.178,hand-roll,False,0.00000,-35.00,-5.00,-5.00,-0.0262,-0.00300,0.000,0.000,16.000,near_zero
1782477732.645375,11.228,hand-roll,False,0.00000,-85.00,-12.14,-12.14,-0.0636,-0.01000,0.000,0.000,16.000,negative_erpm
1782477732.695342,11.278,hand-roll,False,0.00000,-172.00,-24.57,-24.57,-0.1287,-0.01200,0.000,0.000,16.000,negative_erpm
1782477732.745387,11.328,hand-roll,False,0.00000,-194.00,-27.71,-27.71,-0.1451,-0.00400,0.000,0.000,16.000,negative_erpm
1782477732.795760,11.378,hand-roll,False,0.00000,1.00,0.14,0.14,0.0007,0.00300,0.000,0.000,16.000,near_zero
1782477732.846106,11.429,hand-roll,False,0.00000,34.00,4.86,4.86,0.0254,0.00100,0.000,0.000,16.000,near_zero
1782477732.895950,11.478,hand-roll,False,0.00000,58.00,8.29,8.29,0.0434,-0.00100,0.000,0.000,16.000,near_zero
1782477732.946128,11.529,hand-roll,False,0.00000,64.00,9.14,9.14,0.0479,0.00100,0.000,0.000,16.000,near_zero
1782477732.996171,11.579,hand-roll,False,0.00000,122.00,17.43,17.43,0.0913,0.00600,0.000,0.000,16.000,positive_erpm
1782477733.046347,11.629,hand-roll,False,0.00000,-445.00,-63.57,-63.57,-0.3329,-0.01400,0.000,0.000,16.000,negative_erpm
1782477733.096398,11.679,hand-roll,False,0.00000,-1003.00,-143.29,-143.29,-0.7502,-0.00800,0.000,0.000,16.000,negative_erpm
1782477733.146440,11.729,hand-roll,False,0.00000,-72.00,-10.29,-10.29,-0.0539,0.00000,0.000,0.000,16.000,near_zero
1782477733.196563,11.779,hand-roll,False,0.00000,91.00,13.00,13.00,0.0681,0.00100,0.000,0.000,16.000,positive_erpm
1782477733.246850,11.829,hand-roll,False,0.00000,46.00,6.57,6.57,0.0344,0.00000,0.000,0.000,16.000,near_zero
1782477733.296686,11.879,hand-roll,False,0.00000,34.00,4.86,4.86,0.0254,0.00000,0.000,0.000,16.000,near_zero
1782477733.346809,11.929,hand-roll,False,0.00000,20.00,2.86,2.86,0.0150,0.00000,0.000,0.000,16.000,near_zero
1782477733.396844,11.979,hand-roll,False,0.00000,4.00,0.57,0.57,0.0030,0.00000,0.000,0.000,16.000,near_zero
1782477733.446876,12.029,hand-roll,False,0.00000,22.00,3.14,3.14,0.0165,0.00500,0.000,0.000,16.100,near_zero
1782477733.497106,12.080,hand-roll,False,0.00000,-114.00,-16.29,-16.29,-0.0853,-0.00900,0.000,0.000,16.000,negative_erpm
1782477733.547231,12.130,hand-roll,False,0.00000,-96.00,-13.71,-13.71,-0.0718,-0.01000,0.000,0.000,16.000,negative_erpm
1782477733.597139,12.180,hand-roll,False,0.00000,87.00,12.43,12.43,0.0651,0.00000,0.000,0.000,16.000,positive_erpm
1782477733.647412,12.230,hand-roll,False,0.00000,-8.00,-1.14,-1.14,-0.0060,-0.00100,0.000,0.000,16.100,near_zero
1782477733.697509,12.280,hand-roll,False,0.00000,26.00,3.71,3.71,0.0194,0.00000,0.000,0.000,16.000,near_zero
1782477733.747591,12.330,hand-roll,False,0.00000,34.00,4.86,4.86,0.0254,0.00100,0.000,0.000,16.000,near_zero
1782477733.797666,12.380,hand-roll,False,0.00000,26.00,3.71,3.71,0.0194,0.00000,0.000,0.000,16.100,near_zero
1782477733.847763,12.430,hand-roll,False,0.00000,34.00,4.86,4.86,0.0254,0.00500,0.000,0.000,16.000,near_zero
1782477733.897876,12.480,hand-roll,False,0.00000,-146.00,-20.86,-20.86,-0.1092,-0.01100,0.000,0.000,16.100,negative_erpm
1782477733.947812,12.530,hand-roll,False,0.00000,126.00,18.00,18.00,0.0942,0.01600,0.000,0.000,16.000,positive_erpm
1782477733.998002,12.580,hand-roll,False,0.00000,-5.00,-0.71,-0.71,-0.0037,0.00400,0.000,0.000,16.000,near_zero
1782477734.048073,12.631,hand-roll,False,0.00000,20.00,2.86,2.86,0.0150,0.00000,0.000,0.000,16.000,near_zero
1782477734.098158,12.681,hand-roll,False,0.00000,44.00,6.29,6.29,0.0329,0.00100,0.000,0.000,16.000,near_zero
1782477734.148285,12.731,hand-roll,False,0.00000,43.00,6.14,6.14,0.0322,0.00000,0.000,0.000,16.000,near_zero
1782477734.198154,12.781,hand-roll,False,0.00000,-12.00,-1.71,-1.71,-0.0090,0.00000,0.000,0.000,16.100,near_zero
1782477734.248443,12.831,hand-roll,False,0.00000,48.00,6.86,6.86,0.0359,0.00500,0.000,0.000,16.000,near_zero
1782477734.298437,12.881,hand-roll,False,0.00000,-165.00,-23.57,-23.57,-0.1234,-0.01100,0.000,0.000,16.000,negative_erpm
1782477734.348377,12.931,hand-roll,False,0.00000,118.00,16.86,16.86,0.0883,-0.01100,0.000,0.000,16.000,positive_erpm
1782477734.398571,12.981,hand-roll,False,0.00000,-119.00,-17.00,-17.00,-0.0890,0.01900,0.000,0.000,16.000,negative_erpm
1782477734.448581,13.031,hand-roll,False,0.00000,138.00,19.71,19.71,0.1032,-0.00900,0.000,0.000,16.000,positive_erpm
1782477734.498633,13.081,hand-roll,False,0.00000,-182.00,-26.00,-26.00,-0.1361,-0.00300,0.000,0.000,16.000,negative_erpm
1782477734.548855,13.131,hand-roll,False,0.00000,51.00,7.29,7.29,0.0381,0.00000,0.000,0.000,16.000,near_zero
1782477734.598798,13.181,hand-roll,False,0.00000,77.00,11.00,11.00,0.0576,0.00000,0.000,0.000,16.000,near_zero
1782477734.648925,13.231,hand-roll,False,0.00000,80.00,11.43,11.43,0.0598,0.00000,0.000,0.000,16.000,positive_erpm
1782477734.699028,13.281,hand-roll,False,0.00000,72.00,10.29,10.29,0.0539,0.00100,0.000,0.000,16.000,near_zero
1782477734.749046,13.332,hand-roll,False,0.00000,-187.00,-26.71,-26.71,-0.1399,-0.00800,0.000,0.000,16.000,negative_erpm
1782477734.799266,13.382,hand-roll,False,0.00000,-941.00,-134.43,-134.43,-0.7039,-0.00900,0.000,0.000,16.000,negative_erpm
1782477734.849286,13.432,hand-roll,False,0.00000,-1095.00,-156.43,-156.43,-0.8191,-0.00500,0.000,0.000,16.000,negative_erpm
1782477734.899496,13.482,hand-roll,False,0.00000,28.00,4.00,4.00,0.0209,0.00200,0.000,0.000,16.000,near_zero
1782477734.949392,13.532,hand-roll,False,0.00000,-45.00,-6.43,-6.43,-0.0337,0.00000,0.000,0.000,16.000,near_zero
1782477734.999636,13.582,hand-roll,False,0.00000,-70.00,-10.00,-10.00,-0.0524,0.00000,0.000,0.000,16.000,near_zero
1782477735.049733,13.632,hand-roll,False,0.00000,-67.00,-9.57,-9.57,-0.0501,0.00000,0.000,0.000,16.000,near_zero
1782477735.099744,13.682,hand-roll,False,0.00000,-12.00,-1.71,-1.71,-0.0090,0.00000,0.000,0.000,16.000,near_zero
1782477735.149817,13.732,hand-roll,False,0.00000,-1.00,-0.14,-0.14,-0.0007,-0.00500,0.000,0.000,16.000,near_zero
1782477735.199908,13.782,hand-roll,False,0.00000,13.00,1.86,1.86,0.0097,0.00700,0.000,0.000,16.100,near_zero
1782477735.249935,13.832,hand-roll,False,0.00000,-183.00,-26.14,-26.14,-0.1369,-0.00800,0.000,0.000,16.000,negative_erpm
1782477735.300033,13.882,hand-roll,False,0.00000,-374.00,-53.43,-53.43,-0.2798,-0.00100,0.000,0.000,16.000,negative_erpm
1782477735.350011,13.932,hand-roll,False,0.00000,-35.00,-5.00,-5.00,-0.0262,0.00000,0.000,0.000,16.000,near_zero
1782477735.400266,13.983,hand-roll,False,0.00000,-49.00,-7.00,-7.00,-0.0367,0.00000,0.000,0.000,16.000,near_zero
1782477735.450277,14.033,hand-roll,False,0.00000,-27.00,-3.86,-3.86,-0.0202,0.00000,0.000,0.000,16.000,near_zero
1782477735.500360,14.083,hand-roll,False,0.00000,0.00,0.00,0.00,0.0000,-0.00500,0.000,0.000,16.000,near_zero
1782477735.550411,14.133,hand-roll,False,0.00000,-316.00,-45.14,-45.14,-0.2364,-0.00700,0.000,0.000,16.000,negative_erpm
1782477735.600457,14.183,hand-roll,False,0.00000,-338.00,-48.29,-48.29,-0.2528,-0.01400,0.000,0.000,16.000,negative_erpm
1782477735.650539,14.233,hand-roll,False,0.00000,-793.00,-113.29,-113.29,-0.5932,-0.00900,0.000,0.000,16.000,negative_erpm
1782477735.700616,14.283,hand-roll,False,0.00000,3.00,0.43,0.43,0.0022,0.00100,0.000,0.000,16.100,near_zero
1782477735.750939,14.333,hand-roll,False,0.00000,-5.00,-0.71,-0.71,-0.0037,0.00000,0.000,0.000,16.000,near_zero
1782477735.800835,14.383,hand-roll,False,0.00000,-17.00,-2.43,-2.43,-0.0127,0.00000,0.000,0.000,16.000,near_zero
1782477735.851081,14.434,hand-roll,False,0.00000,-20.00,-2.86,-2.86,-0.0150,0.00000,0.000,0.000,16.000,near_zero
1782477735.900912,14.483,hand-roll,False,0.00000,-17.00,-2.43,-2.43,-0.0127,0.00000,0.000,0.000,16.000,near_zero
1782477735.951040,14.534,hand-roll,False,0.00000,-66.00,-9.43,-9.43,-0.0494,-0.01100,0.000,0.000,16.000,near_zero
1782477736.001062,14.584,hand-roll,False,0.00000,-30.00,-4.29,-4.29,-0.0224,-0.01200,0.000,0.000,16.000,near_zero
1782477736.051321,14.634,hand-roll,False,0.00000,5.00,0.71,0.71,0.0037,-0.00500,0.000,0.000,16.000,near_zero
1782477736.101279,14.684,hand-roll,False,0.00000,-1.00,-0.14,-0.14,-0.0007,0.00000,0.000,0.000,16.000,near_zero
1782477736.151355,14.734,hand-roll,False,0.00000,8.00,1.14,1.14,0.0060,0.00000,0.000,0.000,16.000,near_zero
1782477736.201669,14.784,hand-roll,False,0.00000,1.00,0.14,0.14,0.0007,0.00100,0.000,0.000,16.000,near_zero
1782477736.251613,14.834,hand-roll,False,0.00000,0.00,0.00,0.00,0.0000,-0.00100,0.000,0.000,16.000,near_zero
1782477736.301908,14.884,hand-roll,False,0.00000,-44.00,-6.29,-6.29,-0.0329,-0.00400,0.000,0.000,16.000,near_zero
1782477736.351916,14.934,hand-roll,False,0.00000,-106.00,-15.14,-15.14,-0.0793,-0.01000,0.000,0.000,16.000,negative_erpm
1782477736.401882,14.984,hand-roll,False,0.00000,104.00,14.86,14.86,0.0778,-0.01700,0.000,0.000,16.000,positive_erpm
1782477736.451949,15.034,hand-roll,False,0.00000,107.00,15.29,15.29,0.0800,-0.00500,0.000,0.000,16.000,positive_erpm
1782477736.502057,15.085,hand-roll,False,0.00000,2.00,0.29,0.29,0.0015,0.00100,0.000,0.000,16.000,near_zero
1782477736.552115,15.135,hand-roll,False,0.00000,6.00,0.86,0.86,0.0045,0.00000,0.000,0.000,16.000,near_zero
1782477736.602303,15.185,hand-roll,False,0.00000,2.00,0.29,0.29,0.0015,0.00000,0.000,0.000,16.000,near_zero
1782477736.652284,15.235,hand-roll,False,0.00000,3.00,0.43,0.43,0.0022,0.00000,0.000,0.000,16.000,near_zero
1782477736.702330,15.285,hand-roll,False,0.00000,2.00,0.29,0.29,0.0015,0.00000,0.000,0.000,16.000,near_zero
1782477736.752611,15.335,hand-roll,False,0.00000,-32.00,-4.57,-4.57,-0.0239,-0.00400,0.000,0.000,16.000,near_zero
1782477736.802747,15.385,hand-roll,False,0.00000,-14.00,-2.00,-2.00,-0.0105,-0.01300,0.000,0.000,16.000,near_zero
1782477736.852764,15.435,hand-roll,False,0.00000,-69.00,-9.86,-9.86,-0.0516,-0.02200,0.000,0.000,16.000,near_zero
1782477736.902688,15.485,hand-roll,False,0.00000,73.00,10.43,10.43,0.0546,-0.01400,0.000,0.000,16.100,near_zero
1782477736.952963,15.535,hand-roll,False,0.00000,-110.00,-15.71,-15.71,-0.0823,-0.00600,0.000,0.000,16.000,negative_erpm
1782477737.002887,15.585,hand-roll,False,0.00000,-1.00,-0.14,-0.14,-0.0007,-0.00200,0.000,0.000,16.000,near_zero
1782477737.053301,15.636,hand-roll,False,0.00000,9.00,1.29,1.29,0.0067,0.00000,0.000,0.000,16.100,near_zero
1782477737.103111,15.686,hand-roll,False,0.00000,3.00,0.43,0.43,0.0022,0.00000,0.000,0.000,16.000,near_zero
1782477737.153142,15.736,hand-roll,False,0.00000,3.00,0.43,0.43,0.0022,0.00000,0.000,0.000,16.100,near_zero
1782477737.203377,15.786,hand-roll,False,0.00000,0.00,0.00,0.00,0.0000,-0.00100,0.000,0.000,16.000,near_zero
1782477737.253356,15.836,hand-roll,False,0.00000,9.00,1.29,1.29,0.0067,0.00000,0.000,0.000,16.000,near_zero
1782477737.303442,15.886,hand-roll,False,0.00000,49.00,7.00,7.00,0.0367,-0.00700,0.000,0.000,16.100,near_zero
1782477737.353692,15.936,hand-roll,False,0.00000,99.00,14.14,14.14,0.0741,-0.01200,0.000,0.000,16.000,positive_erpm
1782477737.403803,15.986,hand-roll,False,0.00000,-86.00,-12.29,-12.29,-0.0643,-0.01400,0.000,0.000,16.000,negative_erpm
1782477737.453894,16.036,hand-roll,False,0.00000,-13.00,-1.86,-1.86,-0.0097,-0.00200,0.000,0.000,16.000,near_zero
1782477737.503877,16.086,hand-roll,False,0.00000,7.00,1.00,1.00,0.0052,0.00100,0.000,0.000,16.000,near_zero
1782477737.553933,16.136,hand-roll,False,0.00000,1.00,0.14,0.14,0.0007,0.00000,0.000,0.000,16.000,near_zero
1782477737.604109,16.187,hand-roll,False,0.00000,5.00,0.71,0.71,0.0037,0.00000,0.000,0.000,16.000,near_zero
1782477737.654270,16.237,hand-roll,False,0.00000,4.00,0.57,0.57,0.0030,0.00000,0.000,0.000,16.100,near_zero
1782477737.704353,16.287,hand-roll,False,0.00000,0.00,0.00,0.00,0.0000,0.00000,0.000,0.000,16.000,near_zero
1782477737.754468,16.337,hand-roll,False,0.00000,0.00,0.00,0.00,0.0000,0.00000,0.000,0.000,16.100,near_zero
1782477737.804522,16.387,hand-roll,False,0.00000,-72.00,-10.29,-10.29,-0.0539,-0.00300,0.000,0.000,16.000,near_zero
1782477737.854619,16.437,hand-roll,False,0.00000,-93.00,-13.29,-13.29,-0.0696,-0.01100,0.000,0.000,16.000,negative_erpm
1782477737.904779,16.487,hand-roll,False,0.00000,-36.00,-5.14,-5.14,-0.0269,-0.01400,0.000,0.000,16.100,near_zero
1782477737.954761,16.537,hand-roll,False,0.00000,2.00,0.29,0.29,0.0015,-0.00600,0.000,0.000,16.000,near_zero
1782477738.005100,16.588,hand-roll,False,0.00000,-121.00,-17.29,-17.29,-0.0905,-0.00100,0.000,0.000,16.000,negative_erpm
1782477738.055224,16.638,hand-roll,False,0.00000,39.00,5.57,5.57,0.0292,0.00100,0.000,0.000,16.000,near_zero
1782477738.105111,16.688,hand-roll,False,0.00000,3.00,0.43,0.43,0.0022,0.00000,0.000,0.000,16.000,near_zero
1782477738.155130,16.738,hand-roll,False,0.00000,5.00,0.71,0.71,0.0037,0.00000,0.000,0.000,16.000,near_zero
1782477738.205150,16.788,hand-roll,False,0.00000,-1.00,-0.14,-0.14,-0.0007,0.00000,0.000,0.000,16.000,near_zero
1782477738.255306,16.838,hand-roll,False,0.00000,0.00,0.00,0.00,0.0000,0.00100,0.000,0.000,16.000,near_zero
1782477738.305362,16.888,hand-roll,False,0.00000,36.00,5.14,5.14,0.0269,0.00200,0.000,0.000,16.000,near_zero
1782477738.355466,16.938,hand-roll,False,0.00000,-157.00,-22.43,-22.43,-0.1174,-0.00700,0.000,0.000,16.000,negative_erpm
1782477738.405495,16.988,hand-roll,False,0.00000,-260.00,-37.14,-37.14,-0.1945,-0.01200,0.000,0.000,16.000,negative_erpm
1782477738.455791,17.038,hand-roll,False,0.00000,-163.00,-23.29,-23.29,-0.1219,-0.01700,0.000,0.000,16.000,negative_erpm
1782477738.505687,17.088,hand-roll,False,0.00000,-842.00,-120.29,-120.29,-0.6298,-0.00700,0.000,0.000,16.000,negative_erpm
1782477738.555870,17.138,hand-roll,False,0.00000,-755.00,-107.86,-107.86,-0.5647,-0.00100,0.000,0.000,16.000,negative_erpm
1782477738.606039,17.189,hand-roll,False,0.00000,15.00,2.14,2.14,0.0112,0.00000,0.000,0.000,16.000,near_zero
1782477738.656227,17.239,hand-roll,False,0.00000,-17.00,-2.43,-2.43,-0.0127,-0.00100,0.000,0.000,16.000,near_zero
1782477738.706050,17.289,hand-roll,False,0.00000,-20.00,-2.86,-2.86,-0.0150,0.00100,0.000,0.000,16.000,near_zero
1782477738.756347,17.339,hand-roll,False,0.00000,-18.00,-2.57,-2.57,-0.0135,0.00000,0.000,0.000,16.000,near_zero
1782477738.806410,17.389,hand-roll,False,0.00000,-7.00,-1.00,-1.00,-0.0052,0.00000,0.000,0.000,16.100,near_zero
1782477738.856504,17.439,hand-roll,False,0.00000,2.00,0.29,0.29,0.0015,0.00000,0.000,0.000,16.000,near_zero
1782477738.906419,17.489,hand-roll,False,0.00000,0.00,0.00,0.00,0.0000,-0.00100,0.000,0.000,16.000,near_zero
1782477738.956670,17.539,hand-roll,False,0.00000,-13.00,-1.86,-1.86,-0.0097,-0.00400,0.000,0.000,16.000,near_zero
1782477739.006791,17.589,hand-roll,False,0.00000,0.00,0.00,0.00,0.0000,0.00400,0.000,0.000,16.000,near_zero
1782477739.056814,17.639,hand-roll,False,0.00000,-36.00,-5.14,-5.14,-0.0269,-0.00800,0.000,0.000,16.000,near_zero
1782477739.106753,17.689,hand-roll,False,0.00000,65.00,9.29,9.29,0.0486,-0.00900,0.000,0.000,16.000,near_zero
1782477739.156982,17.739,hand-roll,False,0.00000,88.00,12.57,12.57,0.0658,0.00400,0.000,0.000,16.000,positive_erpm
1782477739.206965,17.789,hand-roll,False,0.00000,-125.00,-17.86,-17.86,-0.0935,-0.00500,0.000,0.000,16.000,negative_erpm
1782477739.257185,17.840,hand-roll,False,0.00000,-113.00,-16.14,-16.14,-0.0845,-0.00600,0.000,0.000,16.000,negative_erpm
1782477739.307115,17.890,hand-roll,False,0.00000,-89.00,-12.71,-12.71,-0.0666,-0.00900,0.000,0.000,16.100,negative_erpm
1782477739.357356,17.940,hand-roll,False,0.00000,129.00,18.43,18.43,0.0965,0.00200,0.000,0.000,16.000,positive_erpm
1782477739.407343,17.990,hand-roll,False,0.00000,-24.00,-3.43,-3.43,-0.0180,0.00100,0.000,0.000,16.000,near_zero
1782477739.457376,18.040,hand-roll,False,0.00000,5.00,0.71,0.71,0.0037,0.00000,0.000,0.000,16.000,near_zero
1782477739.507474,18.090,hand-roll,False,0.00000,5.00,0.71,0.71,0.0037,0.00000,0.000,0.000,16.000,near_zero
1782477739.557579,18.140,hand-roll,False,0.00000,1.00,0.14,0.14,0.0007,-0.00100,0.000,0.000,16.000,near_zero
1782477739.607821,18.190,hand-roll,False,0.00000,2.00,0.29,0.29,0.0015,0.00000,0.000,0.000,16.000,near_zero
1782477739.657803,18.240,hand-roll,False,0.00000,0.00,0.00,0.00,0.0000,0.00000,0.000,0.000,16.000,near_zero
1782477739.707875,18.290,hand-roll,False,0.00000,0.00,0.00,0.00,0.0000,0.00100,0.000,0.000,16.000,near_zero
1782477739.758190,18.341,hand-roll,False,0.00000,15.00,2.14,2.14,0.0112,0.00000,0.000,0.000,16.100,near_zero
1782477739.808365,18.391,hand-roll,False,0.00000,9.00,1.29,1.29,0.0067,-0.00100,0.000,0.000,16.000,near_zero
1782477739.858169,18.441,hand-roll,False,0.00000,20.00,2.86,2.86,0.0150,-0.00400,0.000,0.000,16.000,near_zero
1782477739.908242,18.491,hand-roll,False,0.00000,105.00,15.00,15.00,0.0785,0.00700,0.000,0.000,16.000,positive_erpm
1782477739.958289,18.541,hand-roll,False,0.00000,-121.00,-17.29,-17.29,-0.0905,-0.00600,0.000,0.000,16.000,negative_erpm
1782477740.008400,18.591,hand-roll,False,0.00000,-1.00,-0.14,-0.14,-0.0007,-0.00700,0.000,0.000,16.000,near_zero
1782477740.058497,18.641,hand-roll,False,0.00000,-114.00,-16.29,-16.29,-0.0853,-0.00300,0.000,0.000,16.100,negative_erpm
1782477740.108592,18.691,hand-roll,False,0.00000,-15.00,-2.14,-2.14,-0.0112,-0.00400,0.000,0.000,16.100,near_zero
1782477740.158677,18.741,hand-roll,False,0.00000,42.00,6.00,6.00,0.0314,0.00700,0.000,0.000,16.000,near_zero
1782477740.208840,18.791,hand-roll,False,0.00000,-34.00,-4.86,-4.86,-0.0254,-0.00400,0.000,0.000,16.000,near_zero
1782477740.258875,18.841,hand-roll,False,0.00000,-105.00,-15.00,-15.00,-0.0785,-0.00200,0.000,0.000,16.000,negative_erpm
1782477740.308916,18.891,hand-roll,False,0.00000,9.00,1.29,1.29,0.0067,0.00000,0.000,0.000,16.000,near_zero
1782477740.359050,18.942,hand-roll,False,0.00000,19.00,2.71,2.71,0.0142,0.00000,0.000,0.000,16.000,near_zero
1782477740.409309,18.992,hand-roll,False,0.00000,9.00,1.29,1.29,0.0067,0.00000,0.000,0.000,16.000,near_zero
1782477740.459191,19.042,hand-roll,False,0.00000,4.00,0.57,0.57,0.0030,0.00000,0.000,0.000,16.000,near_zero
1782477740.509268,19.092,hand-roll,False,0.00000,8.00,1.14,1.14,0.0060,0.00000,0.000,0.000,16.000,near_zero
1782477740.559344,19.142,hand-roll,False,0.00000,8.00,1.14,1.14,0.0060,0.00000,0.000,0.000,16.000,near_zero
1782477740.609613,19.192,hand-roll,False,0.00000,86.00,12.29,12.29,0.0643,0.00300,0.000,0.000,16.000,positive_erpm
1782477740.659549,19.242,hand-roll,False,0.00000,-7.00,-1.00,-1.00,-0.0052,0.00000,0.000,0.000,16.000,near_zero
1782477740.709604,19.292,hand-roll,False,0.00000,0.00,0.00,0.00,0.0000,0.00000,0.000,0.000,16.000,near_zero
1782477740.759652,19.342,hand-roll,False,0.00000,0.00,0.00,0.00,0.0000,-0.00100,0.000,0.000,16.000,near_zero
1782477740.809963,19.392,hand-roll,False,0.00000,-1.00,-0.14,-0.14,-0.0007,0.00000,0.000,0.000,16.000,near_zero
1782477740.859944,19.442,hand-roll,False,0.00000,-8.00,-1.14,-1.14,-0.0060,-0.00100,0.000,0.000,16.000,near_zero
1782477740.910159,19.493,hand-roll,False,0.00000,0.00,0.00,0.00,0.0000,0.00000,0.000,0.000,16.000,near_zero
1782477740.960092,19.543,hand-roll,False,0.00000,-4.00,-0.57,-0.57,-0.0030,0.00000,0.000,0.000,16.000,near_zero
1782477741.010181,19.593,hand-roll,False,0.00000,-44.00,-6.29,-6.29,-0.0329,-0.00500,0.000,0.000,16.000,near_zero
1782477741.060377,19.643,hand-roll,False,0.00000,126.00,18.00,18.00,0.0942,0.00700,0.000,0.000,16.000,positive_erpm
1782477741.110363,19.693,hand-roll,False,0.00000,35.00,5.00,5.00,0.0262,0.00400,0.000,0.000,16.000,near_zero
1782477741.160428,19.743,hand-roll,False,0.00000,64.00,9.14,9.14,0.0479,0.00200,0.000,0.000,16.000,near_zero
1782477741.210636,19.793,hand-roll,False,0.00000,-6.00,-0.86,-0.86,-0.0045,-0.00200,0.000,0.000,16.000,near_zero
1782477741.260690,19.843,hand-roll,False,0.00000,-121.00,-17.29,-17.29,-0.0905,-0.00100,0.000,0.000,16.000,negative_erpm
1782477741.310749,19.893,hand-roll,False,0.00000,1.00,0.14,0.14,0.0007,0.00000,0.000,0.000,16.000,near_zero
1782477741.360935,19.943,hand-roll,False,0.00000,5.00,0.71,0.71,0.0037,0.00000,0.000,0.000,16.000,near_zero
1782477741.411035,19.994,hand-roll,False,0.00000,1.00,0.14,0.14,0.0007,0.00000,0.000,0.000,16.100,near_zero
