time_sec,ros_time_sec,data_valid,vesc_valid,vehicle_valid,rc_valid,safety_valid,vesc_age_ms,vehicle_age_ms,rc_age_ms,safety_age_ms,mode,estop_active,manual_override,timeout_active,rc_ch1,rc_ch2,rc_ch5,rc_ch6,target_duty,limited_duty,final_duty,vesc_duty,target_steering,final_steering,speed_mps,speed_kph,accel_mps2,erpm,motor_rpm,wheel_rpm,battery_voltage,voltage_drop,input_current,motor_current,vesc_temp,motor_temp,fault_code,duty_limit_active,limit_reason,cross_track_error_m,heading_error_rad,heading_term_rad,cross_track_term_rad,stanley_steering_sum_rad,raw_steering_cmd_rad,filtered_or_limited_steering_cmd_rad,stanley_speed_mps,closest_path_index
0.6243562330000714,1784293850.3350818,True,True,True,True,True,7.3718319999898085,7.171921000008297,6.984651000038866,6.613406999804283,MANUAL,False,True,False,1513.0,1498.0,2000.0,-1.0,0.0,0.0,0.0,0.0,0.6506842970848083,0.0,-0.0,-0.0,0.0,0.0,0.0,0.0,15.1,-0.6999999999999993,0.0,0.0,26.9,26.4,0.0,False,MANUAL_OVERRIDE,0.08579083680326492,0.0972114950802041,0.024302873770051026,0.6206717686936476,0.6449746424636986,0.6449746424636986,0.6486859025766576,3.56313620218211e-11,5.0
0.669375539000157,1784293850.3800611,True,True,True,True,True,6.681984999886481,4.940261999763607,6.46997800004101,6.084396999995079,MANUAL,False,True,False,1513.0,1498.0,2000.0,-1.0,0.0,0.0,0.0,0.0,0.649345338344574,0.0,-0.0,-0.0,0.0,0.0,0.0,0.0,15.2,-0.7999999999999989,0.0,0.01,27.0,26.4,0.0,False,MANUAL_OVERRIDE,0.08443364987342936,0.09404337370185356,0.02351084342546339,0.6131471838657792,0.6366580272912425,0.6366580272912425,0.6493453161519294,1.5031980852955775e-11,4.0
0.7194331590003458,1784293850.430118,True,True,True,True,True,7.672226000067894,7.4046009999619855,7.208946999980981,6.854791000023397,MANUAL,False,True,False,1513.0,1498.0,2000.0,-1.0,0.0,0.0,0.0,0.0,0.6449047923088074,0.0,-0.0,-0.0,0.0,0.0,0.0,0.0,15.2,-0.7999999999999989,0.0,0.01,27.0,26.4,0.0,False,MANUAL_OVERRIDE,0.08443364987342936,0.09404337370185356,0.02351084342546339,0.6131471839060791,0.6366580273315425,0.6366580273315425,0.644904765064794,4.756212691755538e-12,4.0
0.7699227930002053,1784293850.4806035,True,True,True,True,True,4.6758690000388015,4.393012000036833,4.183085000022402,3.7520619998758775,MANUAL,False,True,False,1513.0,1498.0,2000.0,-1.0,0.0,0.0,0.0,0.0,0.6570549011230469,0.0,-0.0,-0.0,0.0,0.0,0.0,0.0,15.1,-0.6999999999999993,0.0,0.02,26.8,26.4,0.0,False,MANUAL_OVERRIDE,0.0904422475074467,0.08035346926156883,0.020088367315392208,0.6458555927384997,0.6659439600538919,0.6659439600538919,0.6570549001701854,2.67536963911249e-12,5.0
0.8194602349999514,1784293850.5301478,True,True,True,True,True,14.93365399983304,14.673100999971211,14.476870999715175,14.119386999936978,MANUAL,False,True,False,1513.0,1498.0,2000.0,-1.0,0.0,0.0,0.0,0.0,0.6650846004486084,0.0,-0.0,-0.0,0.0,0.0,0.0,0.0,15.2,-0.7999999999999989,0.0,0.07,26.8,26.4,0.0,False,MANUAL_OVERRIDE,0.10322856109563797,0.0999188914370035,0.024979722859250875,0.7104078096946731,0.735387532553924,0.6981,0.6650845893650972,8.465036748754362e-13,5.0
0.8694741090002935,1784293850.580153,True,True,True,True,True,3.9936060002219165,3.5894000002372195,3.0163250003170106,2.6260399999955553,MANUAL,False,True,False,1513.0,1498.0,2000.0,-1.0,0.0,0.0,0.0,0.0,0.6241316199302673,0.0,-0.0,-0.0,0.0,0.0,0.0,0.0,15.2,-0.7999999999999989,0.0,0.05,26.9,26.4,0.0,False,MANUAL_OVERRIDE,0.06597981362447165,0.09560844357700993,0.023902110894252482,0.5027140502777045,0.5266161611719571,0.5266161611719571,0.6241316454169386,3.571187378380747e-13,5.0
0.9209828500002004,1784293850.6316667,True,True,True,True,True,16.952441999819712,15.188638999916293,16.695346000233258,16.321861000051285,MANUAL,False,True,False,1513.0,1498.0,2000.0,-1.0,0.0,0.0,0.0,0.0,0.6477773785591125,0.0,-0.0,-0.0,0.0,0.0,0.0,0.0,15.2,-0.7999999999999989,0.0,0.0,27.1,26.4,0.0,False,MANUAL_OVERRIDE,0.09523354050133015,0.08342650423230502,0.020856626058076255,0.6708341785021619,0.6916908045602381,0.6916908045602381,0.6477773511170934,2.6783905337855606e-13,5.0
0.9722091170001477,1784293850.6828885,True,True,True,True,True,6.541916000060155,23.014117999991868,6.26417900002707,5.204142999900796,MANUAL,False,True,False,1513.0,1498.0,2000.0,-1.0,0.0,0.0,0.0,0.0,0.6608490943908691,0.0,-0.0,-0.0,0.0,0.0,0.0,0.0,15.2,-0.7999999999999989,0.0,0.04,27.1,26.4,0.0,False,MANUAL_OVERRIDE,0.09151472591300071,0.07552647864217099,0.018881619660542748,0.6515308221106685,0.6704124417712112,0.6704124417712112,0.6608491159698121,1.1299460064407835e-13,5.0
1.0194636660003198,1784293850.7307017,True,True,True,True,True,12.419650000083493,12.1327920001022,11.920529000235547,11.555621000297833,MANUAL,False,True,False,1513.0,1498.0,2000.0,-1.0,0.0,0.0,0.0,0.0,0.616646409034729,0.0,-0.0,-0.0,0.0,0.0,0.0,0.0,15.2,-0.7999999999999989,0.0,0.04,27.1,26.4,0.0,False,MANUAL_OVERRIDE,0.07454947541802502,0.09455573391422156,0.02363893347855539,0.5558949859772614,0.5795339194558168,0.5795339194558168,0.6166463941201122,4.766959714672056e-14,5.0
1.0723057630002586,1784293850.7829862,True,True,True,True,True,5.802435000077821,5.540665999888006,5.344083000181854,1.701465000223834,MANUAL,False,True,False,1513.0,1498.0,2000.0,-1.0,0.0,0.0,0.0,0.0,0.6164319515228271,0.0,-0.0,-0.0,0.0,0.0,0.0,0.0,15.2,-0.7999999999999989,0.0,0.06,27.0,26.4,0.0,False,MANUAL_OVERRIDE,0.08079180662252575,0.09390721263463964,0.02347680315865991,0.5925568176456041,0.616033620804264,0.616033620804264,0.6164319234595653,2.6814148395030314e-14,4.0
1.1194492370000262,1784293850.830133,True,True,True,True,True,13.148025999726087,12.86788900006286,12.638856999728887,11.658215999887034,MANUAL,False,True,False,1513.0,1498.0,2000.0,-1.0,0.0,0.0,0.0,0.0,0.6218775510787964,0.0,-0.0,-0.0,0.0,0.0,0.0,0.0,15.2,-0.7999999999999989,0.0,0.06,27.0,26.4,0.0,False,MANUAL_OVERRIDE,0.08253869747328964,0.09342117024355279,0.023355292560888197,0.6025062909144044,0.6258615834752926,0.6258615834752926,0.6218775521186434,1.5082958472204553e-14,5.0
1.1693014420002328,1784293850.8799796,True,True,True,True,True,1.6431280000688275,2.362256000196794,1.4235040002859023,0.6691110002066125,MANUAL,False,True,False,1513.0,1498.0,2000.0,-1.0,0.0,0.0,0.0,0.0,0.6196020841598511,0.0,-0.0,-0.0,0.0,0.0,0.0,0.0,15.2,-0.7999999999999989,0.0,0.03,27.0,26.3,0.0,False,MANUAL_OVERRIDE,0.07943403147268138,0.12258360578619953,0.030645901446549884,0.5847302889789755,0.6153761904255254,0.6153761904255254,0.6196020755260521,8.484164140615061e-15,4.0
1.2195608920001177,1784293850.9302423,True,True,True,True,True,12.614440000106697,13.605288999769982,12.39507299987963,11.543971999799396,MANUAL,False,True,False,1513.0,1498.0,2000.0,-1.0,0.0,0.0,0.0,0.0,0.6181229948997498,0.0,-0.0,-0.0,0.0,0.0,0.0,0.0,15.2,-0.7999999999999989,0.0,0.06,26.9,26.4,0.0,False,MANUAL_OVERRIDE,0.10531102081497397,0.09918791125335957,0.024796977813339893,0.7202960603351038,0.7450930381484437,0.6981,0.646114960231564,3.579256746821978e-15,4.0
1.2706677310002306,1784293850.9813488,True,True,True,True,True,4.1588919998503115,20.44292700020378,3.9255400001820817,3.5516389998520026,MANUAL,False,True,False,1513.0,1498.0,2000.0,-1.0,0.0,0.0,0.0,0.0,0.6184675097465515,0.0,-0.0,-0.0,0.0,0.0,0.0,0.0,15.2,-0.7999999999999989,0.0,0.07,26.9,26.4,0.0,False,MANUAL_OVERRIDE,0.07382440104790738,0.062394897589660214,0.015598724397415054,0.5515234903841917,0.5671222147816067,0.5671222147816067,0.618467499324079,2.0133319200873628e-15,5.0
1.3196601330000703,1784293851.0303416,True,True,True,True,True,16.07129400008489,15.465673000107927,15.264097999988735,14.914902999862534,MANUAL,False,True,False,1513.0,1498.0,2000.0,-1.0,0.0,0.0,0.0,0.0,0.6055340766906738,0.0,-0.0,-0.0,0.0,0.0,0.0,0.0,15.2,-0.7999999999999989,0.0,0.07,26.9,26.4,0.0,False,MANUAL_OVERRIDE,0.08440381923062648,0.09440726774198716,0.02360181693549679,0.612980892453366,0.6365827093888627,0.6365827093888627,0.6055340866616234,6.370308028401421e-16,4.0
1.3699654150000242,1784293851.0806513,True,True,True,True,True,6.400855999800115,5.804771999919467,5.599964999873919,5.241392999778327,MANUAL,False,True,False,1513.0,1498.0,2000.0,-1.0,0.0,0.0,0.0,0.0,0.6284683346748352,0.0,-0.0,-0.0,0.0,0.0,0.0,0.0,15.1,-0.6999999999999993,0.0,0.02,26.9,26.4,0.0,False,MANUAL_OVERRIDE,0.09030754397018112,0.10368474471667244,0.02592118617916811,0.6451393265376284,0.6710605127167966,0.6710605127167966,0.6284683357809341,3.5832982659757993e-16,5.0
1.4198072880003565,1784293851.1304998,True,True,True,True,True,15.528012000231683,13.961591000224871,15.254658000230847,14.879062000090926,MANUAL,False,True,False,1513.0,1498.0,2000.0,-1.0,0.0,0.0,0.0,0.0,0.6264423727989197,0.0,-0.0,-0.0,0.0,0.0,0.0,0.0,15.2,-0.7999999999999989,0.0,0.04,26.8,26.4,0.0,False,MANUAL_OVERRIDE,0.0766455208586155,0.1063824003879954,0.02659560009699885,0.5683994008896999,0.5949950009866987,0.5949950009866987,0.6264423888558605,1.5117039559585403e-16,4.0
1.4697177719999672,1784293851.1803951,True,True,True,True,True,2.542453999922145,2.244939999854978,2.0405809996191238,1.6794809998827986,MANUAL,False,True,False,1513.0,1498.0,2000.0,-1.0,0.0,0.0,0.0,0.0,0.5832762718200684,0.0,-0.0,-0.0,0.0,0.0,0.0,0.0,15.1,-0.6999999999999993,0.0,0.0,26.9,26.4,0.0,False,MANUAL_OVERRIDE,0.08013157575360033,0.07399054636174873,0.018497636590437183,0.588761310336464,0.6072589469269012,0.6072589469269012,0.5832762758496778,6.377501064200092e-17,5.0
1.5195155480000722,1784293851.2301965,True,True,True,True,True,15.316324999730568,15.10723000001235,14.912982999703672,14.501640999696974,MANUAL,False,True,False,1513.0,1498.0,2000.0,-1.0,0.0,0.0,0.0,0.0,0.5916702151298523,0.0,-0.0,-0.0,0.0,0.0,0.0,0.0,15.2,-0.7999999999999989,0.0,0.02,26.7,26.4,0.0,False,MANUAL_OVERRIDE,0.08013157575360033,0.07399054636174873,0.018497636590437183,0.588761310336464,0.6072589469269012,0.6072589469269012,0.591670210726706,4.783125798150069e-17,5.0
1.5695755090000603,1784293851.2802546,True,True,True,True,True,6.631519999700686,5.332755999916117,6.400184000085574,5.98762599975089,MANUAL,False,True,False,1513.0,1498.0,2000.0,-1.0,0.0,0.0,0.0,0.0,0.6357731819152832,0.0,-0.0,-0.0,0.0,0.0,0.0,0.0,15.2,-0.7999999999999989,0.0,0.0,26.9,26.4,0.0,False,MANUAL_OVERRIDE,0.0876905554923418,0.09721291786243058,0.024303229465607645,0.6310698688646426,0.6553730983302501,0.6553730983302501,0.6357731547009252,2.0178811960945607e-17,5.0
1.6202799720003895,1784293851.3309636,True,True,True,True,True,12.195292000342306,10.795021000376437,11.919314000351733,10.593158000119729,MANUAL,False,True,False,1513.0,1498.0,2000.0,-1.0,0.0,0.0,0.0,0.0,0.6286637783050537,0.0,-0.0,-0.0,0.0,0.0,0.0,0.0,15.1,-0.6999999999999993,0.0,0.03,26.8,26.4,0.0,False,MANUAL_OVERRIDE,0.08284458209313432,0.10385164456308416,0.02596291114077104,0.6042346230782393,0.6301975342190103,0.6301975342190103,0.6286637653666921,8.512936296023926e-18,4.0
1.6693636760001027,1784293851.3800452,True,True,True,True,True,4.944262999742932,4.71126299999014,4.520377000062581,4.175884999767732,MANUAL,False,True,False,1513.0,1498.0,2000.0,-1.0,0.0,0.0,0.0,0.0,0.6292005777359009,0.0,-0.0,-0.0,0.0,0.0,0.0,0.0,15.1,-0.6999999999999993,0.0,0.03,26.8,26.4,0.0,False,MANUAL_OVERRIDE,0.08284458209313432,0.10385164456308416,0.02596291114077104,0.6042346230782394,0.6301975342190105,0.6301975342190105,0.6292005844650035,4.788526666513458e-18,4.0
1.7196593240000766,1784293851.4303436,True,True,True,True,True,15.69105699991269,13.887891999729618,15.464840999811713,15.104989000064961,MANUAL,False,True,False,1513.0,1498.0,2000.0,-1.0,0.0,0.0,0.0,0.0,0.5689462423324585,0.0,-0.0,-0.0,0.0,0.0,0.0,0.0,15.2,-0.7999999999999989,0.0,0.02,27.1,26.4,0.0,False,MANUAL_OVERRIDE,0.059286238417088924,0.0833790889227366,0.021588682111823854,0.4588778863839194,0.48046656849574326,0.48046656849574326,0.5689462548330528,2.0201596874353656e-18,4.0
1.770285479999984,1784293851.4809675,True,True,True,True,True,6.689408999591251,5.229487999713456,6.411511999885988,6.032970999967802,MANUAL,False,True,False,1513.0,1498.0,2000.0,-1.0,0.0,0.0,0.0,0.0,0.6083722710609436,0.0,-0.0,-0.0,0.0,0.0,0.0,0.0,15.2,-0.7999999999999989,0.0,0.01,27.0,26.4,0.0,False,MANUAL_OVERRIDE,0.0800192288634696,0.09429086580761292,0.02357271645190323,0.5881135310940117,0.6116862475459148,0.6116862475459148,0.608372249907501,8.522548681367948e-19,4.0
1.819507620999957,1784293851.5301986,True,True,True,True,True,15.412615999593982,14.30611499972656,15.18956799964144,13.865971999621252,MANUAL,False,True,False,1513.0,1498.0,2000.0,-1.0,0.0,0.0,0.0,0.0,0.6083722710609436,0.0,-0.0,-0.0,0.0,0.0,0.0,0.0,15.2,-0.7999999999999989,0.0,0.0,27.0,26.4,0.0,False,MANUAL_OVERRIDE,0.0800192288634696,0.09429086580761292,0.02357271645190323,0.5881135310940117,0.6116862475459148,0.6116862475459148,0.6095321490809459,6.391911511025961e-19,4.0
1.8693606629999522,1784293851.5800424,True,True,True,True,True,5.818691999593284,5.2055199998903845,4.999304999728338,4.635099999632075,MANUAL,False,True,False,1513.0,1498.0,1500.0,-1.0,0.0,0.0,0.0,0.0,0.6195156574249268,0.0,-0.0,-0.0,0.0,0.0,0.0,0.0,15.2,-0.7999999999999989,0.0,0.02,27.1,26.4,0.0,False,MANUAL_OVERRIDE,0.07651560607570257,0.11242352193573568,0.02810588048393392,0.5676300895078602,0.5957359699917941,0.5957359699917941,0.6195156767712304,2.6965876687140777e-19,4.0
1.9193062839999584,1784293851.6299891,True,True,True,True,True,15.764499999932013,14.73768099958761,15.53012399972431,14.539145999606262,AUTO,False,False,False,1513.0,1498.0,1000.0,-1.0,-0.0060013532638549805,-0.0060013532638549805,-0.0060013532638549805,0.0,0.5784446001052856,0.07978439331054688,-0.0,-0.0,0.0,0.0,0.0,0.0,15.2,-0.7999999999999989,0.0,0.02,27.1,26.4,0.0,False,NONE,0.06947440710983692,0.09438644239476535,0.023596610598691337,0.5248002835098834,0.5483968941085747,0.5483968941085747,0.5784445797835467,1.1376229227387516e-19,5.0
1.972542192000219,1784293851.6832254,True,True,True,True,True,9.362012000110553,16.160481000042637,25.50482800006648,25.07255799991981,AUTO,False,False,False,1513.0,1498.0,1000.0,-1.0,-0.015015578269958496,-0.015015578269958496,-0.015015578269958496,-0.015015578269958496,0.5718226432800293,0.3201637268066406,-0.0,-0.0,0.0,0.0,0.0,0.0,15.1,-0.6999999999999993,0.0,0.15,26.9,26.4,0.0,False,NONE,0.07244884881407383,0.06543831080915719,0.016359577702289296,0.5431652614659997,0.559524839168289,0.559524839168289,0.5718226705682065,6.399128940405478e-20,5.0
2.022736814000382,1784293851.7334206,True,True,True,True,True,19.714618000307382,17.710646000068664,18.667158000425843,18.29252200013798,AUTO,False,False,False,1513.0,1498.0,1000.0,-1.0,-0.02101600170135498,-0.02101600170135498,-0.02101600170135498,-0.02101600170135498,0.552365243434906,0.4801750183105469,-0.0,-0.0,0.0,0.0,0.0,0.0,15.2,-0.7999999999999989,0.0,0.84,27.0,26.4,0.0,False,NONE,0.06765935040442175,0.0989301479215694,0.02473253698039235,0.5133976342891939,0.5381301712695863,0.5381301712695863,0.5523652522232533,2.6996325217335607e-20,4.0
2.073735910000323,1784293851.7844646,True,True,True,True,True,8.973071000127675,8.688261000315833,8.395579000080033,7.92084300019269,AUTO,False,False,False,1513.0,1498.0,1000.0,-1.0,-0.03000662326812744,-0.03000662326812744,-0.03000662326812744,-0.03000662326812744,0.5975003838539124,0.7199249267578125,0.039488074326371705,0.14215706757493815,0.0,-181.0,-90.5,-7.541666666666667,15.1,-0.6999999999999993,0.01,0.92,27.0,26.4,0.0,False,NONE,0.09413542064660248,0.08649356116846607,0.021623390292116518,0.6010900262486777,0.6227134165407942,0.6227134165407942,0.5975003793239733,0.017276032517787622,5.0
2.119569008000326,1784293851.8302555,True,True,True,True,True,14.318979000108811,14.089179000166041,13.893108000047505,13.542216000132612,AUTO,False,False,False,1513.0,1498.0,1000.0,-1.0,-0.03600794076919556,-0.03600794076919556,-0.03600794076919556,-0.03600794076919556,0.573696494102478,0.8558951208335658,0.00021816615649929117,0.0007853981633974482,-1.9477317201741684,-1.0,-0.5,-0.041666666666666664,15.1,-0.6999999999999993,0.06,3.37,26.8,26.4,0.0,False,NONE,0.07957721681882657,0.08469234213230004,0.02117308553307501,0.5083161588233214,0.5294892443563963,0.5294892443563963,0.5736964820853213,0.02282904296993364,5.0
2.1699583560002793,1784293851.8806367,True,True,True,True,True,3.891395000209741,3.6576590000549913,3.463668000222242,3.1126170001698483,AUTO,False,False,False,1513.0,1498.0,1001.0,-1.0,-0.0450130820274353,-0.0450130820274353,-0.0450130820274353,-0.039,0.5799797177314758,0.8222570461660619,0.032724923474893676,0.11780972450961724,0.0,-150.0,-75.0,-6.25,15.1,-0.6999999999999993,0.09,4.23,26.9,26.4,0.0,False,NONE,0.08684650962956808,0.08134611547413217,0.020336528868533044,0.5707155431839439,0.591052072052477,0.591052072052477,0.5799796998890494,0.015279460648555215,4.0
2.2225057610003205,1784293851.9331913,True,True,True,True,True,16.680979000284424,16.38221600023826,16.16172900003221,15.80507700009548,AUTO,False,False,False,1513.0,1498.0,1000.0,-1.0,-0.05100173950195312,-0.05100173950195312,-0.05100173950195312,-0.039,0.5347992181777954,0.7825017470614033,0.032724923474893676,0.11780972450961724,0.0,-150.0,-75.0,-6.25,15.1,-0.6999999999999993,0.09,4.23,26.9,26.4,0.0,False,NONE,0.07726988816246133,0.09973205715694777,0.024933014289236943,0.4885735714508131,0.51350658574005,0.51350658574005,0.5347992241456913,0.02536511884503214,4.0
2.2694294880002417,1784293851.9801173,True,True,True,True,True,16.839511999933165,16.563310000037745,16.359879999981786,16.004955999960657,AUTO,False,False,False,1513.0,1498.0,1000.0,-1.0,-0.06000659465789794,-0.06000659465789794,-0.06000659465789794,-0.06000659465789794,0.48057422041893005,0.6884031233618823,0.13940817400304706,0.5018694264109694,0.0,-639.0,-319.5,-26.625,15.1,-0.6999999999999993,0.14,4.84,26.9,26.4,0.0,False,NONE,0.06594341222010892,0.07995017450452235,0.01998754362613059,0.35988310517250605,0.37987064879863663,0.37987064879863663,0.4805742227742221,0.05525584600263491,5.0
2.3200400300002,1784293852.0307248,True,True,True,True,True,15.8553840001332,14.248322000184999,15.567469999950845,15.18009700021139,AUTO,False,False,False,1513.0,1498.0,1000.0,-1.0,-0.06601402759552001,-0.06601402759552001,-0.06601402759552001,-0.06601402759552001,0.42932388186454773,0.6574165631529083,0.13919000784654775,0.5010840282475719,0.0,-638.0,-319.0,-26.583333333333332,15.1,-0.6999999999999993,0.39,10.26,26.9,26.4,0.0,False,NONE,0.08169702292943104,0.0975124915059955,0.024378122876498876,0.34993973394012345,0.37431785681662233,0.37431785681662233,0.42932388145604045,0.10385186908874837,4.0
2.36968948599997,1784293852.0803735,True,True,True,True,True,6.031115999576286,2.080837999983487,5.8036519999404845,2.9192979995968926,AUTO,False,False,False,1513.0,1498.0,1000.0,-1.0,-0.07502017021179198,-0.07502017021179198,-0.07502017021179198,-0.066,0.4223787784576416,0.6050405077462278,0.1830414053029053,0.6589490590904591,0.0,-839.0,-419.5,-34.958333333333336,15.1,-0.6999999999999993,0.66,14.26,26.9,26.4,0.0,False,NONE,0.09685014026681471,0.06026031335094295,0.015065078337735738,0.3944156152567073,0.40948069359444306,0.40948069359444306,0.42237876570448135,0.11268640377819822,5.0
2.4194040649999806,1784293852.1300886,True,True,True,True,True,15.618544999597361,10.903024999606714,15.328614999816637,14.940313999886712,AUTO,False,False,False,1513.0,1498.0,1000.0,-1.0,-0.0810198426246643,-0.0810198426246643,-0.0810198426246643,-0.0810198426246643,0.336751252412796,0.5307023478449117,0.33706671179140485,1.2134401624490574,7.708900148036939,-1545.0,-772.5,-64.375,15.1,-0.6999999999999993,0.79,15.39,26.9,26.4,0.0,False,NONE,0.06738341245861554,0.06399664033111296,0.01599916008277824,0.2581068801280194,0.27410604021079765,0.27410604021079765,0.33675126673187905,0.13524457992219055,5.0
2.469911854000202,1784293852.1805897,True,True,True,True,True,1.6878649998943729,1.3928789999226865,1.181128000098397,0.816700000086712,AUTO,False,False,False,1513.0,1498.0,1000.0,-1.0,-0.09001818895339964,-0.09001818895339964,-0.09001818895339964,-0.09001818895339964,0.27525651454925537,0.39429381829144156,0.33553954869590985,1.2079423753052756,0.0,-1538.0,-769.0,-64.08333333333333,15.0,-0.5999999999999996,1.35,22.15,26.9,26.4,0.0,False,NONE,0.0728495414588844,0.04430132383178087,0.011075330957945217,0.20223146117519844,0.21330679213314366,0.21330679213314366,0.2752565266273735,0.23530426261100712,5.0
2.51940258500008,1784293852.2300858,True,True,True,True,True,13.726640999720985,13.46279199970013,13.255136999759998,12.889811999684753,AUTO,False,False,False,1513.0,1498.0,1000.0,-1.0,-0.09599236249923704,-0.09599236249923704,-0.09599236249923704,-0.084,0.22117313742637634,0.35235015527342434,0.33553954869590985,1.2079423753052756,0.0,-1538.0,-769.0,-64.08333333333333,15.0,-0.5999999999999996,1.35,22.15,26.9,26.4,0.0,False,NONE,0.06868493368773522,0.041645025872310226,0.010411256468077557,0.16470005311828637,0.17511130958636392,0.17511130958636392,0.22117313093184554,0.29325278737884153,4.0
2.5714212730003965,1784293852.282101,True,True,True,True,True,4.72864000039408,3.9214130001710146,3.507351000280323,1.6880570001376327,AUTO,False,False,False,1513.0,1498.0,1000.0,-1.0,-0.105005407333374,-0.105005407333374,-0.105005407333374,-0.092,0.1970173418521881,0.2822193695060709,0.37851828152627026,1.362665813494573,0.0,-1735.0,-867.5,-72.29166666666667,15.0,-0.5999999999999996,1.8,26.98,26.8,26.4,0.0,False,NONE,0.06150013419757655,0.05622898414186839,0.014057246035467097,0.13809933818813014,0.15215658422359724,0.15215658422359724,0.19701733958395864,0.32249792866264904,4.0
2.6200604550003845,1784293852.3307455,True,True,True,True,True,14.843094000298152,14.592046000416303,14.397287000065262,14.030267000180174,AUTO,False,False,False,1513.0,1498.0,1000.0,-1.0,-0.11101051568984983,-0.11101051568984983,-0.11101051568984983,-0.102,0.16611847281455994,0.25762948653807594,0.3399028718258957,1.2236503385732245,0.0,-1558.0,-779.0,-64.91666666666667,14.9,-0.5,2.14,29.43,26.8,26.4,0.0,False,NONE,0.06128128623999782,0.03858636492367551,0.009646591230918877,0.13096832675346434,0.14061491798438322,0.14061491798438322,0.16611846756216755,0.3452308427368364,5.0
2.669293609000306,1784293852.3799732,True,True,True,True,True,5.297043000155099,3.5894330003429786,5.049259000315942,4.668574000334047,AUTO,False,False,False,1513.0,1498.0,1000.0,-1.0,-0.12000639438629147,-0.12000639438629147,-0.12000639438629147,-0.111,0.15240655839443207,0.2358371412970927,0.4271693344256121,1.5378096039322036,0.0,-1958.0,-979.0,-81.58333333333333,15.0,-0.5999999999999996,2.32,28.52,26.9,26.4,0.0,False,NONE,0.06167587815016591,0.01174531202832041,0.0029363280070801023,0.12675489006833535,0.12969121807541545,0.12969121807541545,0.15240656515990184,0.3639672252038779,4.0
2.719458955000391,1784293852.4301429,True,True,True,True,True,16.078240000297228,14.21395300030781,15.780214000187698,15.234052000323572,AUTO,False,False,False,1513.0,1498.0,1000.0,-1.0,-0.1260050296783447,-0.1260050296783447,-0.1260050296783447,-0.1260050296783447,0.14674560725688934,0.21831622746659798,0.5757404870016295,2.0726657532058663,0.0,-2639.0,-1319.5,-109.95833333333333,14.9,-0.5,2.45,27.34,26.9,26.4,0.0,False,NONE,0.06782774379866467,0.0053523458356687925,0.0013380864589171981,0.13489432800071652,0.13623241445963372,0.13623241445963372,0.146745612414808,0.3797677525093115,4.0
2.769420484999955,1784293852.4801033,True,True,True,True,True,6.027691999861418,4.583706999710557,5.768514999999752,5.250064999927417,AUTO,False,False,False,1513.0,1498.0,1000.0,-1.0,-0.1349987983703613,-0.1349987983703613,-0.1349987983703613,-0.129,0.11853068321943283,0.16979040713283602,0.7555093999570454,2.7198338398453634,0.0,-3463.0,-1731.5,-144.29166666666666,14.9,-0.5,2.44,25.56,26.9,26.4,0.0,False,NONE,0.061401713371403766,-0.056563915595727154,-0.014140978898931789,0.0998225021193833,0.08568152322045151,0.08568152322045151,0.11853068434907438,0.4930644896376828,5.0
2.8203740500002823,1784293852.531056,True,True,True,True,True,13.807348000227648,13.598509000075865,13.40541400031725,12.87800399995831,AUTO,False,False,False,1513.0,1498.0,1000.0,-1.0,-0.141005802154541,-0.141005802154541,-0.141005802154541,-0.137,0.07458216696977615,0.13824241189693007,0.8951357401165918,3.2224886644197306,6.470107574922623,-4103.0,-2051.5,-170.95833333333334,14.9,-0.5,2.37,23.16,26.9,26.4,0.0,False,NONE,0.049319541390850215,-0.07961784288754803,-0.030533899165765103,0.0643984813940309,0.0338645822282658,0.0338645822282658,0.07458217048404428,0.6447904534160642,4.0
2.869386876000135,1784293852.580191,True,True,True,True,True,4.660317999878316,4.456022999875131,4.266160000042873,3.923204999864538,AUTO,False,False,False,1513.0,1498.0,1000.0,-1.0,-0.1499963879585266,-0.1499963879585266,-0.1499963879585266,-0.137,0.05751388520002365,0.0823863131356878,0.8951357401165918,3.2224886644197306,0.0,-4103.0,-2051.5,-170.95833333333334,14.9,-0.5,2.37,23.16,26.9,26.4,0.0,False,NONE,0.049319541390850215,-0.07961784288754803,-0.030533899165765103,0.056349535277807804,0.0258156361120427,0.0258156361120427,0.05751388345384373,0.754316516347545,4.0
2.9194641230001253,1784293852.630148,True,True,True,True,True,16.401514999870415,14.470153999809554,15.936251999846718,11.675466999804485,AUTO,False,False,False,1513.0,1498.0,1000.0,-1.0,-0.15600757598876952,-0.15600757598876952,-0.15600757598876952,-0.15600757598876952,-0.008159032091498375,0.03379751879990297,1.036289243371633,3.730641276137879,0.0,-4750.0,-2375.0,-197.91666666666666,14.9,-0.5,2.39,21.2,26.9,26.4,0.0,False,NONE,0.02407034115750151,-0.1307539687710031,-0.0914128108208113,0.02428377482060474,-0.06712903600020656,-0.06712903600020656,-0.008159031868577651,0.8710160059027855,5.0
2.9697846100002607,1784293852.6804605,True,True,True,True,True,1.356142000076943,23.394551999899704,1.1344710001139902,0.7465540002158377,AUTO,False,False,False,1513.0,1498.0,1000.0,-1.0,-0.1652539014816284,-0.1652539014816284,-0.1652539014816284,-0.1652539014816284,-0.04799531772732735,-0.0687513504187471,1.1863875590431456,4.2709952125553245,6.909942660047711,-5438.0,-2719.0,-226.58333333333334,14.9,-0.5,2.43,20.23,26.9,26.4,0.0,False,NONE,-0.006114181278563632,-0.1498400096139958,-0.1383881473444747,-0.005439177885388149,-0.14382732522986283,-0.14382732522986283,-0.08153651935103359,1.004089175232341,5.0
3.0194724990001305,1784293852.7301536,True,True,True,True,True,16.0380150000492,14.815476999956445,15.81189499984248,15.45284299982086,AUTO,False,False,False,1513.0,1498.0,1000.0,-1.0,-0.17099103927612305,-0.17099103927612305,-0.17099103927612305,-0.165,-0.10326412320137024,-0.14792167769856787,1.324704902263696,4.768937648149306,6.85143177962006,-6072.0,-3036.0,-253.0,14.9,-0.5,2.53,19.79,26.9,26.4,0.0,False,NONE,-0.006114181278563632,-0.1498400096139958,-0.1383881473444747,-0.005227250549106381,-0.14361539789358108,-0.14361539789358108,-0.1032641268409252,1.0496637711850423,5.0
3.070403183000053,1784293852.7810824,True,True,True,True,True,3.6867169997094607,2.1703459997297614,3.4107719998246466,1.9684829999278008,AUTO,False,False,False,1513.0,1498.0,1000.0,-1.0,-0.1661151150600392,-0.1661151150600392,-0.1661151150600392,-0.1661151150600392,-0.1354253590106964,-0.1939913465272832,1.454295599224275,5.23546415720739,0.0,-6666.0,-3333.0,-277.75,14.9,-0.5,2.58,19.07,27.0,26.4,0.0,False,NONE,-0.01687857234359052,-0.20817791638727057,-0.1642560911112645,-0.01289135807096437,-0.17714744918222886,-0.17714744918222886,-0.1354253532408491,1.1892210486994992,4.0
3.119339494000087,1784293852.8300192,True,True,True,True,True,13.698319000013726,13.47907999979725,13.268224000057671,12.908339999739837,AUTO,False,False,False,1513.0,1498.0,1000.0,-1.0,-0.16596219317131167,-0.16596219317131167,-0.16596219317131167,-0.171,-0.135532945394516,-0.194309434342941,1.454295599224275,5.23546415720739,0.0,-6666.0,-3333.0,-277.75,14.9,-0.5,2.58,19.07,27.0,26.4,0.0,False,NONE,-0.04137949950436676,-0.22171357161484262,-0.10703361378049557,-0.028286761144695128,-0.1353203749251907,-0.1353203749251907,-0.13553294965363355,1.3424672732216352,5.0
3.1691293070002757,1784293852.879805,True,True,True,True,True,1.392463000229327,1.1413820002417197,0.9439680002287787,0.5860670003130508,AUTO,False,False,False,1513.0,1498.0,1000.0,-1.0,-0.16119156177993044,-0.16119156177993044,-0.16119156177993044,-0.166,-0.1254185140132904,-0.17965694601531357,1.5653421728824142,5.635231822376691,0.0,-7175.0,-3587.5,-298.9583333333333,14.9,-0.5,1.91,14.46,27.0,26.4,0.0,False,NONE,-0.0958316040244366,-0.17780917677897734,-0.044452294194744335,-0.062182256498748166,-0.10663455069349251,-0.10663455069349251,-0.1254185100175842,1.4191538092623248,4.0
3.220028310000089,1784293852.9307106,True,True,True,True,True,12.915925000015704,11.384704999727546,12.625963000118645,12.251678999746218,AUTO,False,False,False,1513.0,1498.0,1000.0,-1.0,-0.1577088754188129,-0.1577088754188129,-0.1577088754188129,-0.1577088754188129,-0.12429847568273544,-0.17805253643136432,1.6451909861611547,5.922687550180157,0.0,-7541.0,-3770.5,-314.2083333333333,15.0,-0.5999999999999996,1.45,11.23,27.1,26.4,0.0,False,NONE,-0.0948824247431646,-0.25632887531548,-0.06408221882887,-0.05766332525860321,-0.1217455440874732,-0.1217455440874732,-0.12340495150000139,1.5236311602998742,4.0
3.2692330790000597,1784293852.9799104,True,True,True,True,True,5.353012999876228,1.7182980000143289,5.120076999901357,4.755712999667594,AUTO,False,False,False,1513.0,1498.0,1000.0,-1.0,-0.15483366341281868,-0.15483366341281868,-0.15483366341281868,-0.157,-0.12680168449878693,-0.1803795061178389,1.7067138422939547,6.144169832258237,0.0,-7823.0,-3911.5,-325.9583333333333,15.0,-0.5999999999999996,1.05,8.51,26.9,26.4,0.0,False,NONE,-0.11393690890942532,-0.25056867639547686,-0.06264216909886922,-0.06579148531820461,-0.12843365441707383,-0.12843365441707383,-0.12680168326160096,1.6092886486591271,5.0
3.3194269079999685,1784293853.0301101,True,True,True,True,True,12.861908999639127,12.61489199987409,12.420037999618216,12.027863999719557,AUTO,False,False,False,1513.0,1498.0,1000.0,-1.0,-0.15300043096565508,-0.15300043096565508,-0.15300043096565508,-0.15300043096565508,-0.1327100247144699,-0.1901017400293223,1.7446747535248317,6.2808291126893945,1.864267168809115,-7997.0,-3998.5,-333.2083333333333,15.0,-0.5999999999999996,0.85,7.15,26.9,26.4,0.0,False,NONE,-0.13539768998781593,-0.2665050188914029,-0.06662625472285072,-0.07705641944421236,-0.1436826741670631,-0.1436826741670631,-0.1327100300785127,1.6336449470678343,4.0
3.3719540030001554,1784293853.0826364,True,True,True,True,True,8.199638999940362,6.6948200001206715,7.939757999793073,7.573376999971515,AUTO,False,False,False,1513.0,1498.0,1000.0,-1.0,-0.1513244141560997,-0.1513244141560997,-0.1513244141560997,-0.1513244141560997,-0.15037325024604797,-0.21540359582588162,1.774127184652236,6.386857864748049,1.4954959225136752,-8132.0,-4066.0,-338.8333333333333,15.0,-0.5999999999999996,0.7,6.05,27.0,26.4,0.0,False,NONE,-0.185697865086095,-0.2540742844226975,-0.06351857110567438,-0.10209798996972211,-0.1656165610753965,-0.1656165610753965,-0.1503732548128369,1.692495800783944,4.0
3.4194066210002347,1784293853.1300848,True,True,True,True,True,14.986268000029668,14.733236000211036,14.535852999870258,14.130431000012322,AUTO,False,False,False,1513.0,1498.0,1000.0,-1.0,-0.15097832022164126,-0.15097832022164126,-0.15097832022164126,-0.15097832022164126,-0.15691936016082764,-0.22129914921447857,1.774127184652236,6.386857864748049,0.0,-8132.0,-4066.0,-338.8333333333333,15.0,-0.5999999999999996,0.7,6.05,27.0,26.4,0.0,False,NONE,-0.18785491800230147,-0.2421486373790207,-0.060537159344755176,-0.10089586109528664,-0.16143302044004182,-0.16143302044004182,-0.15691936636836,1.7355471964555091,4.0
3.4696612870002355,1784293853.1803403,True,True,True,True,True,5.663200000071811,4.790339000010135,5.420951999894896,4.43147800024235,AUTO,False,False,False,1513.0,1498.0,1002.0,-1.0,-0.14971297721592555,-0.14971297721592555,-0.14971297721592555,-0.151,-0.16200873255729675,-0.2320709533838945,1.7924531417981764,6.452831310473435,0.0,-8216.0,-4108.0,-342.3333333333333,15.0,-0.5999999999999996,0.6,5.38,27.0,26.4,0.0,False,NONE,-0.205935313668692,-0.24873109981811492,-0.06218277495452873,-0.10927763233394426,-0.171460407288473,-0.171460407288473,-0.16200873069039956,1.757007430578062,5.0
3.519600038000135,1784293853.230279,True,True,True,True,True,16.148900000189315,15.929980999771942,15.742997999950603,15.410698999858141,AUTO,False,False,False,1513.0,1498.0,1000.0,-1.0,-0.14901158425873343,-0.14901158425873343,-0.14901158425873343,-0.149,-0.17506785690784454,-0.24398125237439083,1.8009616219016487,6.483461838845935,0.0,-8255.0,-4127.5,-343.9583333333333,15.0,-0.5999999999999996,0.56,5.0,27.0,26.4,0.0,False,NONE,-0.24325016875795663,-0.22608272612969582,-0.056520681532423955,-0.12735848019003596,-0.1838791617224599,-0.1838791617224599,-0.17506785818325463,1.7796266024030587,5.0
3.569212633999996,1784293853.2798898,True,True,True,True,True,5.7085459998234,1.6094949996841024,1.3617099998555204,0.48119999974005623,AUTO,False,False,False,1513.0,1498.0,1000.0,-1.0,-0.14818693687758944,-0.14818693687758944,-0.14818693687758944,-0.149,-0.17356783151626587,-0.24862889488077045,1.8079429389096262,6.5085945800746545,0.0,-8287.0,-4143.5,-345.2916666666667,15.0,-0.5999999999999996,0.5,4.67,26.9,26.4,0.0,False,NONE,-0.19421925509416807,-0.2767147116748785,-0.06917867791871962,-0.10114223769007742,-0.17032091560879703,-0.17032091560879703,-0.17243141574198106,1.7937062398026753,4.0
3.6217949629999566,1784293853.3324769,True,True,True,True,True,18.08701399977508,17.858941999747913,17.66146399995705,17.309867999756534,AUTO,False,False,False,1513.0,1498.0,1000.0,-1.0,-0.14777960241788282,-0.14777960241788282,-0.14777960241788282,-0.14777960241788282,-0.17495620250701904,-0.25061768014184077,1.8090337696921228,6.512521570891642,0.05598790874027826,-8292.0,-4146.0,-345.5,15.0,-0.5999999999999996,0.48,4.48,27.0,26.4,0.0,False,NONE,-0.2287703917629834,-0.24354152334590462,-0.060885380836476155,-0.11875969897108492,-0.17964507980756106,-0.17964507980756106,-0.17495619816493407,1.797265414579413,4.0
3.669529926999985,1784293853.3802094,True,True,True,True,True,6.6737949996422685,5.472505999932764,6.4686359996812826,6.064717999834102,AUTO,False,False,False,1513.0,1498.0,1001.0,-1.0,-0.14729392592209647,-0.14729392592209647,-0.14729392592209647,-0.147,-0.19101400673389435,-0.2736198348859681,1.8075066065966274,6.507023783747859,0.0,-8285.0,-4142.5,-345.2083333333333,15.0,-0.5999999999999996,0.47,4.43,27.0,26.4,0.0,False,NONE,-0.2844010890551856,-0.2645126427497728,-0.0661281606874432,-0.14676125049722566,-0.21288941118466886,-0.21288941118466886,-0.19101400787290398,1.80391559680016,5.0
3.7195995300003233,1784293853.430282,True,True,True,True,True,16.785112999968987,15.760087000217027,15.559120000034454,15.213828000014473,AUTO,False,False,False,1513.0,1498.0,1000.0,-1.0,-0.146927601656122,-0.146927601656122,-0.146927601656122,-0.146927601656122,-0.20085373520851135,-0.28217369054180386,1.8075066065966274,6.507023783747859,0.0,-8285.0,-4142.5,-345.2083333333333,15.0,-0.5999999999999996,0.47,4.43,27.0,26.4,0.0,False,NONE,-0.2823477536885452,-0.24990351436800684,-0.06247587859200171,-0.14556178436724626,-0.20803766295924797,-0.20803766295924797,-0.20085373142885216,1.805991649338743,4.0
3.772826073000033,1784293853.483505,True,True,True,True,True,8.536578000075679,6.877545999941503,8.33385099986117,7.990542999777972,AUTO,False,False,False,1513.0,1498.0,1000.0,-1.0,-0.1466842388129002,-0.1466842388129002,-0.1466842388129002,-0.147,-0.20476914942264557,-0.2933235201584953,1.8000889572756518,6.480320246192346,0.0,-8251.0,-4125.5,-343.7916666666667,15.1,-0.6999999999999993,0.46,4.41,26.9,26.4,0.0,False,NONE,-0.27588031764702686,-0.27872341946927026,-0.06968085486731757,-0.14235977697762944,-0.212040631844947,-0.212040631844947,-0.20476914657448536,1.8048000308088235,4.0
3.8220396149999942,1784293853.532722,True,True,True,True,True,17.58136399985233,17.345035999824177,17.15392599999177,16.811321999739448,AUTO,False,False,False,1514.0,1498.0,1000.0,-1.0,-0.1460141760246785,-0.1460141760246785,-0.1460141760246785,-0.1460141760246785,-0.22071941196918488,-0.3055263993187153,1.807724772753127,6.507809181911257,0.0,-8286.0,-4143.0,-345.25,15.1,-0.6999999999999993,0.42,4.1,26.9,26.4,0.0,False,NONE,-0.3403077591671424,-0.2378192738729048,-0.0594548184682262,-0.17506580235261546,-0.23452062082084166,-0.23452062082084166,-0.220719405774736,1.8039853952918272,4.0
3.869371302000218,1784293853.5800536,True,True,True,True,True,5.487129999892204,3.991080000105285,5.2274419999776,4.87373399982971,AUTO,False,False,False,1513.0,1498.0,1000.0,-1.0,-0.14559964977042184,-0.14559964977042184,-0.14559964977042184,-0.14559964977042184,-0.2247975468635559,-0.32201338900380444,1.8044522804056375,6.496028209460295,0.0,-8271.0,-4135.5,-344.625,15.1,-0.6999999999999993,0.42,4.17,26.9,26.4,0.0,False,NONE,-0.35028870647035404,-0.20946100183136052,-0.05236525045784013,-0.1800059723670163,-0.23237122282485642,-0.23237122282485642,-0.22479754174227815,1.8049202396571522,4.0
3.9194539620002615,1784293853.6301365,True,True,True,True,True,14.903578000030393,13.976731000184373,13.781460000245715,13.44717700021647,AUTO,False,False,False,1513.0,1498.0,1000.0,-1.0,-0.1454287655520925,-0.1454287655520925,-0.1454287655520925,-0.145,-0.23373301327228546,-0.33481308304295293,1.7994344588061537,6.477964051702154,-0.23351532493788194,-8248.0,-4124.0,-343.6666666666667,15.1,-0.6999999999999993,0.4,3.89,27.0,26.4,0.0,False,NONE,-0.3680069239186953,-0.2261845136491405,-0.056546128412285124,-0.18888275250895126,-0.24542888092123638,-0.24542888092123638,-0.23373301311160688,1.805109894951236,4.0
3.9692880370002968,1784293853.679967,True,True,True,True,True,3.9213170002767583,2.3755689999234164,3.653020000001561,3.279887000189774,AUTO,False,False,False,1513.0,1498.0,1000.0,-1.0,-0.14457537842199933,-0.14457537842199933,-0.14457537842199933,-0.14457537842199933,-0.23285098373889923,-0.3335496114294502,1.8075066065966274,6.507023783747859,0.4017257177490842,-8285.0,-4142.5,-345.2083333333333,15.0,-0.5999999999999996,0.35,3.55,26.9,26.4,0.0,False,NONE,-0.3476181586385798,-0.19611182946091743,-0.04902795736522936,-0.17887977980990083,-0.2279077371751302,-0.2279077371751302,-0.23285097849422812,1.8025344145922877,4.0
4.019430890999956,1784293853.730109,True,True,True,True,True,12.963287999809836,12.742704999709531,12.547465999887208,12.14834799975506,AUTO,False,False,False,1513.0,1498.0,1000.0,-1.0,-0.1442104489735253,-0.1442104489735253,-0.1442104489735253,-0.145,-0.24190078675746918,-0.3446135902076921,1.8075066065966274,6.507023783747859,0.0,-8285.0,-4142.5,-345.2083333333333,15.0,-0.5999999999999996,0.35,3.55,26.9,26.4,0.0,False,NONE,-0.3809054698113775,-0.1957683772733918,-0.04894209431834795,-0.19542136463158533,-0.24436345894993328,-0.24436345894993328,-0.24190079354178654,1.8042738173117614,4.0
4.069359274000362,1784293853.7800393,True,True,True,True,True,5.769092000264209,5.390775000250869,5.168400000002293,4.812772000150289,AUTO,False,False,False,1513.0,1498.0,1001.0,-1.0,-0.14430688786966162,-0.14430688786966162,-0.14430688786966162,-0.144,-0.23759886622428894,-0.3403507609572968,1.7917986433286786,6.4504751159832425,0.0,-8213.0,-4106.5,-342.2083333333333,15.1,-0.6999999999999993,0.4,3.97,27.0,26.4,0.0,False,NONE,-0.3741569798081207,-0.14928110880007361,-0.037320277200018404,-0.19228927722271003,-0.22960955442272843,-0.22960955442272843,-0.2375988598501162,1.801761171806903,5.0
4.119446317999973,1784293853.8301275,True,True,True,True,True,14.460906999829604,14.170144999752665,13.974074999623554,13.62846299980447,AUTO,False,False,False,1513.0,1498.0,1000.0,-1.0,-0.1439685153178958,-0.1439685153178958,-0.1439685153178958,-0.1439685153178958,-0.23629094660282135,-0.3364672592181118,1.79136231101568,6.448904319656448,0.0,-8211.0,-4105.5,-342.125,15.1,-0.6999999999999993,0.36,3.69,26.9,26.4,0.0,False,NONE,-0.42445371763636625,-0.08349848533920201,-0.020874621334800503,-0.21802216373914202,-0.23889678507394252,-0.23889678507394252,-0.2362909438408364,1.7958925019521799,5.0
4.169806555000378,1784293853.8804834,True,True,True,True,True,2.7664300000651565,2.3671520002608304,2.145449000181543,1.7904610003824928,AUTO,False,False,False,1513.0,1498.0,1000.0,-1.0,-0.14344589163893864,-0.14344589163893864,-0.14344589163893864,-0.14344589163893864,-0.2303570806980133,-0.3363569039633171,1.7911441448591807,6.448118921493051,0.0,-8210.0,-4105.0,-342.0833333333333,15.1,-0.6999999999999993,0.35,3.54,26.9,26.4,0.0,False,NONE,-0.4025645669792278,-0.05879621290364656,-0.01469905322591164,-0.20738693119054427,-0.2220859844164559,-0.2220859844164559,-0.23035708520873543,1.793218943777891,5.0
4.220908481000151,1784293853.931594,True,True,True,True,True,16.7920580001919,16.54328099994018,16.353578999769525,15.722133000053873,AUTO,False,False,False,1513.0,1498.0,1000.0,-1.0,-0.14381196800421658,-0.14381196800421658,-0.14381196800421658,-0.14381196800421658,-0.2245042771100998,-0.32159329194972036,1.773254520026239,6.3837162720944605,-0.8833930820389625,-8128.0,-4064.0,-338.6666666666667,15.1,-0.6999999999999993,0.4,3.99,27.0,26.4,0.0,False,NONE,-0.3971511296812421,-0.03561984517912253,-0.008904961294780633,-0.20472982791458566,-0.2136347892093663,-0.2136347892093663,-0.22450428160895625,1.7927002440482134,4.0
4.2714385799999945,1784293853.9821212,True,True,True,True,True,7.797320000008767,7.525086999976338,7.313176000025123,6.951082999876235,AUTO,False,False,False,1513.0,1498.0,1002.0,-1.0,-0.14324371863549112,-0.14324371863549112,-0.14324371863549112,-0.143,-0.21302682161331177,-0.3051523014085543,1.7745635169652345,6.388428661074844,0.0,-8134.0,-4067.0,-338.9166666666667,15.0,-0.5999999999999996,0.36,3.71,26.8,26.4,0.0,False,NONE,-0.39613973353910964,0.031332190906504964,0.007833047726626241,-0.20513286837386982,-0.19729982064724358,-0.19729982064724358,-0.21302682240498422,1.7839739133401418,4.0
4.319467477000217,1784293854.030512,True,True,True,True,True,15.971488000104728,15.756920000058017,15.567217999887362,15.230502000122215,AUTO,False,False,False,1513.0,1498.0,1000.0,-1.0,-0.1428976205769699,-0.1428976205769699,-0.1428976205769699,-0.143,-0.20094525814056396,-0.2878459506382523,1.7745635169652345,6.388428661074844,0.0,-8134.0,-4067.0,-338.9166666666667,15.0,-0.5999999999999996,0.36,3.71,26.8,26.4,0.0,False,NONE,-0.3508551812873756,-0.0036120148104923366,-0.0009030037026230842,-0.1827415281598856,-0.18364453186250868,-0.18364453186250868,-0.1948900017606641,1.7785335279358987,4.0
4.369365656000355,1784293854.080049,True,True,True,True,True,5.702562000351463,5.475067000134004,5.281140000079176,4.932040000312554,AUTO,False,False,False,1513.0,1498.0,1000.0,-1.0,-0.14260359693636693,-0.14260359693636693,-0.14260359693636693,-0.143,-0.19226840138435364,-0.27541670446118555,1.7691093630527523,6.3687937069899085,0.0,-8109.0,-4054.5,-337.875,15.1,-0.6999999999999993,0.39,3.97,26.9,26.4,0.0,False,NONE,-0.37506643633895076,0.031822477913149516,0.007955619478287379,-0.19535532164759412,-0.18739970216930674,-0.18739970216930674,-0.19226839690368902,1.7754331096581126,5.0
4.419641575000242,1784293854.1303272,True,True,True,True,True,15.578993999952218,15.361802999905194,15.174019999903976,14.82904900012727,AUTO,False,False,False,1513.0,1498.0,1000.0,-1.0,-0.14270493706946272,-0.14270493706946272,-0.14270493706946272,-0.142,-0.1817709505558014,-0.2667934125106018,1.7582010552277878,6.329523798820036,0.0,-8059.0,-4029.5,-335.7916666666667,15.1,-0.6999999999999993,0.4,4.07,27.0,26.4,0.0,False,NONE,-0.3728197135573557,0.08559450991887618,0.021398627479719046,-0.19485417499152283,-0.17345554751180378,-0.17345554751180378,-0.1817709558509845,1.7690501166956476,5.0
4.469844596000257,1784293854.1805265,True,True,True,True,True,23.274103999938234,21.056301000044186,22.9860300000837,22.49049300007755,AUTO,False,False,False,1513.0,1498.0,1000.0,-1.0,-0.14219428209011864,-0.14219428209011864,-0.14219428209011864,-0.14219428209011864,-0.1714687943458557,-0.2456221090758569,1.7625643783577736,6.345231762087985,0.21311577028427525,-8079.0,-4039.5,-336.625,15.1,-0.6999999999999993,0.37,3.77,27.0,26.4,0.0,False,NONE,-0.3287387147766997,0.11367854017072365,0.028419635042680913,-0.17276233896589402,-0.1443427039232131,-0.1443427039232131,-0.1619746630347374,1.7638688338170376,4.0
4.519524655000168,1784293854.2302084,True,True,True,True,True,15.33268200000748,15.079105000040727,14.88770600008138,14.432042999942496,AUTO,False,False,False,1513.0,1498.0,1000.0,-1.0,-0.14190898090007464,-0.14190898090007464,-0.14190898090007464,-0.14190898090007464,-0.15627093613147736,-0.22385179219521179,1.757110224445291,6.325596808003048,-0.27241892910676413,-8054.0,-4027.0,-335.5833333333333,15.1,-0.6999999999999993,0.39,3.94,27.0,26.4,0.0,False,NONE,-0.32697395598374523,0.10490343140048242,0.026225857850120604,-0.17190416112869739,-0.14567830327857678,-0.14567830327857678,-0.1562709371200812,1.7632981345536096,5.0
4.570228909999969,1784293854.2809114,True,True,True,True,True,5.873511999652692,5.546236999634857,5.344565999621409,4.991625999991811,AUTO,False,False,False,1513.0,1498.0,1000.0,-1.0,-0.14166967713577003,-0.14166967713577003,-0.14166967713577003,-0.14166967713577003,-0.14385204017162323,-0.21390927468034704,1.7505652397503124,6.302034863101125,-0.3440186408773293,-8024.0,-4012.0,-334.3333333333333,15.1,-0.6999999999999993,0.37,3.81,26.9,26.4,0.0,False,NONE,-0.3454041379142048,0.19185940217849473,0.04796485054462368,-0.18164341775809664,-0.13367856721347296,-0.13367856721347296,-0.14385204090915887,1.76059092388122,4.0
4.622117075999995,1784293854.3327982,True,True,True,True,True,17.97613199960324,17.765949000022374,17.57835799980967,17.239370999959647,AUTO,False,False,False,1513.0,1498.0,1000.0,-1.0,-0.14133999791349117,-0.14133999791349117,-0.14133999791349117,-0.141,-0.12959882616996765,-0.19459456499933325,1.7505652397503124,6.302034863101125,0.0,-8024.0,-4012.0,-334.3333333333333,15.1,-0.6999999999999993,0.35,3.66,27.0,26.4,0.0,False,NONE,-0.29578987682435726,0.15364160410210792,0.03841040102552698,-0.15640645483159274,-0.11799605380606576,-0.11799605380606576,-0.12959882519184465,1.7557152137157703,5.0
4.673072954999952,1784293854.3837564,True,True,True,True,True,9.14325599978838,7.827370999621053,8.842668999932357,8.431550999830506,AUTO,False,False,False,1513.0,1498.0,1001.0,-1.0,-0.14084491299983729,-0.14084491299983729,-0.14084491299983729,-0.141,-0.11662799119949341,-0.16706487781047616,1.7505652397503124,6.302034863101125,0.0,-8024.0,-4012.0,-334.3333333333333,15.1,-0.6999999999999993,0.35,3.66,27.0,26.4,0.0,False,NONE,-0.26138020246366717,0.18433237925185186,0.046083094812962966,-0.1386223994489818,-0.09253930463601884,-0.09253930463601884,-0.11662799299730561,1.7534621001058825,4.0
4.719633196000359,1784293854.4303145,True,True,True,True,True,16.156262000095012,15.936127000259148,15.7477050001944,15.406445000280655,AUTO,False,False,False,1513.0,1498.0,1000.0,-1.0,-0.14064836901963923,-0.14064836901963923,-0.14064836901963923,-0.14,-0.013506004586815834,-0.01934680502337177,1.747292747402823,6.290253890650163,0.0,-8009.0,-4004.5,-333.7083333333333,15.1,-0.6999999999999993,0.35,3.64,27.0,26.4,0.0,False,NONE,0.02088783277247323,0.063338804933327,0.04680117536513154,0.01116371380925482,0.05796488917438636,0.05796488917438636,-0.013506004863948241,1.7509692296259463,0.0
4.7705391210001835,1784293854.4812214,True,True,True,True,True,6.8958830001975,4.694367999945825,6.532159000016691,5.556030000207102,AUTO,False,False,False,1513.0,1498.0,1000.0,-1.0,-0.14036829196500067,-0.14036829196500067,-0.14036829196500067,-0.14036829196500067,0.02385810762643814,0.03417577370926535,1.74205675964684,6.271404334728624,0.0,-7985.0,-3992.5,-332.7083333333333,15.1,-0.6999999999999993,0.34,3.61,26.9,26.4,0.0,False,NONE,0.023911830427025445,0.07252365068400723,0.05084648522019712,0.012803255004344868,0.06364974022454199,0.06364974022454199,0.023858106874881897,1.7475347664017074,0.0
4.819435153000086,1784293854.5301151,True,True,True,True,True,15.029887999844505,14.76930299986634,14.574576000086381,14.223300000139716,AUTO,False,False,False,1513.0,1498.0,1000.0,-1.0,-0.1400673841694909,-0.1400673841694909,-0.1400673841694909,-0.1400673841694909,0.05669066682457924,0.08120708612602669,1.7414022611773423,6.269048140238432,-0.03228808822065888,-7982.0,-3991.0,-332.5833333333333,15.1,-0.6999999999999993,0.33,3.53,26.9,26.4,0.0,False,NONE,0.029387376607383706,0.16109697861227534,0.10191925885239318,0.015746165860609868,0.11766542471300305,0.11766542471300305,0.056690668118224305,1.7461652647129906,0.0
4.872183573000257,1784293854.5828674,True,True,True,True,True,4.205582999929902,23.892654000064795,20.19745600000533,17.494195999915974,AUTO,False,False,False,1513.0,1498.0,1000.0,-1.0,-0.13987544735246848,-0.13987544735246848,-0.13987544735246848,-0.13987544735246848,0.06828951835632324,0.09782197157473604,1.740965928864344,6.267477343911638,-0.022160055768994272,-7980.0,-3990.0,-332.5,15.1,-0.6999999999999993,0.32,3.44,26.9,26.4,0.0,False,NONE,0.03383834738193225,0.10272099652908051,0.059272136979464485,0.018156459304789322,0.0774285962842538,0.0774285962842538,0.06828952075674422,1.743503692141217,0.0
4.92062154200039,1784293854.6313043,True,True,True,True,True,15.141476000280818,14.73775000022215,14.532943000176601,14.185955000357353,AUTO,False,False,False,1513.0,1498.0,1000.0,-1.0,-0.13987544735246848,-0.13987544735246848,-0.13987544735246848,-0.139,0.05506516247987747,0.0857662736660873,1.7409659288643438,6.267477343911637,0.0,-7980.0,-3990.0,-332.5,15.1,-0.6999999999999993,0.32,3.44,26.9,26.4,0.0,False,NONE,0.06713932953048667,0.04037676810705526,0.010094192026763815,0.036041320608673266,0.04613551263543708,0.04613551263543708,0.05506516353741569,1.7420365477467747,0.0
4.9730523180001,1784293854.683734,True,True,True,True,True,8.104370999717503,23.35455499996897,7.753766999940126,7.344057999944198,AUTO,False,False,False,1513.0,1498.0,1000.0,-1.0,-0.13989290064498844,-0.13989290064498844,-0.13989290064498844,-0.13989290064498844,0.0792350172996521,0.11350095587974803,1.7405295965513454,6.2659065475848434,0.0,-7978.0,-3989.0,-332.4166666666667,15.1,-0.6999999999999993,0.32,3.46,26.9,26.4,0.0,False,NONE,0.06638379560337418,-0.0019127326867569572,-0.0004781831716892393,0.03565157743298576,0.03517339426129652,0.03517339426129652,0.06381344714023911,1.7412267008184326,0.0
5.019530925000254,1784293854.730212,True,True,True,True,True,17.040036000253167,15.656405000299856,16.709432999959972,14.689875999920332,AUTO,False,False,False,1513.0,1498.0,1000.0,-1.0,-0.139709641073529,-0.139709641073529,-0.139709641073529,-0.139709641073529,0.0697905644774437,0.09997215940043502,1.7451110858378303,6.282399909016189,0.0,-7999.0,-3999.5,-333.2916666666667,15.1,-0.6999999999999993,0.3,3.3,27.0,26.4,0.0,False,NONE,0.009323441222973693,0.08589431579663842,0.07588393323766968,0.005006996450270221,0.0808909296879399,0.0808909296879399,0.06979056603193438,1.7420670900232031,0.0
5.069438032000107,1784293854.7801151,True,True,True,True,True,4.861030000029132,4.655966999962402,3.060809000089648,2.4990930000967637,AUTO,False,False,False,1513.0,1498.0,1002.0,-1.0,-0.13961364796466935,-0.13961364796466935,-0.13961364796466935,-0.139,0.060063861310482025,0.08603905072408254,1.7475109135593223,6.29103928881356,0.0,-8010.0,-4005.0,-333.75,15.1,-0.6999999999999993,0.29,3.25,27.0,26.4,0.0,False,NONE,0.02057937173946365,0.00045558009787294296,0.0003383856954825864,0.011037459558968385,0.011375845254450971,0.011375845254450971,0.06006386265013561,1.7444268570339077,0.0
5.120072875000005,1784293854.8307495,True,True,True,True,True,15.230245999646286,15.025758999854588,14.765846000045713,14.405705999706697,AUTO,False,False,False,1513.0,1498.0,1000.0,-1.0,-0.13981436082864868,-0.13981436082864868,-0.13981436082864868,-0.139,0.03706930950284004,0.05310028577974508,1.742493091959839,6.2729751310554205,-0.24925410905171383,-7987.0,-3993.5,-332.7916666666667,15.1,-0.6999999999999993,0.31,3.39,27.0,26.3,0.0,False,NONE,-0.01780937136583529,-0.05399402348088944,-0.04197402828455456,-0.009549199033281925,-0.051523227317836484,-0.051523227317836484,0.006061920411685788,1.7449553718127921,0.0
5.171462817000247,1784293854.8821447,True,True,True,True,True,7.5761299999612675,6.104944000071555,7.323897999867768,6.965293000121164,AUTO,False,False,False,1513.0,1498.0,1000.0,-1.0,-0.13984926741368858,-0.13984926741368858,-0.13984926741368858,-0.13984926741368858,-0.016096599400043488,-0.023057727259767204,1.7416204273338416,6.26983353840183,-0.04401578618130904,-7983.0,-3991.5,-332.625,15.1,-0.6999999999999993,0.31,3.4,27.0,26.3,0.0,False,NONE,-0.03321790161388932,-0.06743179044827963,-0.03943250818878769,-0.017815629473573007,-0.0572481376623607,-0.0572481376623607,-0.016096599914230483,1.744339801849554,0.0
5.219869841000218,1784293854.9305525,True,True,True,True,True,16.422286999841162,15.76367300003767,15.44010999987222,14.994175000083487,AUTO,False,False,False,1513.0,1498.0,1000.0,-1.0,-0.13984926741368858,-0.13984926741368858,-0.13984926741368858,-0.139,-0.05239336937665939,-0.05074820867190643,1.7416204273338416,6.26983353840183,0.0,-7983.0,-3991.5,-332.625,15.1,-0.6999999999999993,0.31,3.4,27.0,26.3,0.0,False,NONE,-0.05264071494441591,-0.16272853928603093,-0.05565170616256668,-0.02825003078692778,-0.08390173694949446,-0.08390173694949446,-0.052393369025521955,1.7428903819206885,0.0
5.271359337000376,1784293854.9820406,True,True,True,True,True,6.943692000277224,6.736709000051633,6.545822000134649,6.19557000027271,AUTO,False,False,False,1513.0,1498.0,1000.0,-1.0,-0.13985799405994856,-0.13985799405994856,-0.13985799405994856,-0.139,-0.06471122801303864,-0.09269621546059108,1.741402261177342,6.269048140238431,0.0,-7982.0,-3991.0,-332.5833333333333,15.1,-0.6999999999999993,0.3,3.34,27.0,26.4,0.0,False,NONE,-0.06739115641797587,-0.20566237989171954,-0.051415594972929884,-0.036171657359040967,-0.08758725233197084,-0.08758725233197084,-0.06471122818277907,1.7422802352498181,0.0
5.319662551999954,1784293855.0303454,True,True,True,True,True,16.876959999990504,15.920286999971722,15.716951999820594,15.359595999598241,AUTO,False,False,False,1513.0,1498.0,1000.0,-1.0,-0.14000634704636805,-0.14000634704636805,-0.14000634704636805,-0.139,-0.0942268818616867,-0.1349761951893521,1.7376934365168542,6.255696371460675,0.0,-7965.0,-3982.5,-331.875,15.1,-0.6999999999999993,0.31,3.43,26.9,26.4,0.0,False,NONE,-0.10479183757216384,-0.2776044372491646,-0.06940110931229115,-0.05625468422229896,-0.1256557935345901,-0.1256557935345901,-0.09422688241311004,1.740845450324046,0.0
5.369361561000005,1784293855.0800445,True,True,True,True,True,5.575069999849802,4.265425999619765,5.328181999630033,4.9103439996542875,AUTO,False,False,False,1513.0,1498.0,1000.0,-1.0,-0.13999762040010807,-0.13999762040010807,-0.13999762040010807,-0.14,-0.12050441652536392,-0.17261770022255252,1.7379116026733537,6.256481769624073,0.0,-7966.0,-3983.0,-331.9166666666667,15.1,-0.6999999999999993,0.32,3.49,26.9,26.4,0.0,False,NONE,-0.10858645582713901,-0.3352972339387491,-0.08382430848468728,-0.05834248994594832,-0.1421667984306356,-0.1421667984306356,-0.12050441605219855,1.7390777338808883,0.0
5.419797139000366,1784293855.1304786,True,True,True,True,True,16.143847000421374,7.544930000221939,15.93555199997354,15.583316000174818,AUTO,False,False,False,1513.0,1498.0,1000.0,-1.0,-0.13991035393750836,-0.13991035393750836,-0.13991035393750836,-0.139,-0.13300472497940063,-0.19052388623320532,1.7400932642383464,6.264335751258047,0.10822651482785879,-7976.0,-3988.0,-332.3333333333333,15.1,-0.6999999999999993,0.31,3.44,27.0,26.4,0.0,False,NONE,-0.12247525935567202,-0.36166822521859743,-0.09041705630464936,-0.06580252448672373,-0.1562195807913731,-0.1562195807913731,-0.13300472371090966,1.738567551477592,0.0
5.46948030700014,1784293855.1801627,True,True,True,True,True,6.258868999793776,3.4220040001855523,3.1731959998069215,2.6365379999333527,AUTO,False,False,False,1513.0,1498.0,1500.0,-1.0,-0.13991035393750836,-0.13991035393750836,-0.13991035393750836,-0.13991035393750836,-0.1667822003364563,-0.23890875280970675,1.7400932642383464,6.264335751258047,0.0,-7976.0,-3988.0,-332.3333333333333,15.1,-0.6999999999999993,0.31,3.43,26.9,26.4,0.0,False,NONE,-0.15619557700272946,-0.42946278369212065,-0.10736569592303016,-0.08381385662942784,-0.191179552552458,-0.191179552552458,-0.1667821945129959,1.7392350508104222,0.0
5.519475869999951,1784293855.230156,True,True,True,True,True,14.914940999915416,12.721201999738696,14.56856099957804,13.685202999567991,MANUAL,False,True,False,1513.0,1498.0,2000.0,-1.0,0.0,-0.1319202320960777,-0.1319202320960777,-0.139,-0.12832383811473846,0.0,1.7400932642383464,6.264335751258047,0.0,-7976.0,-3988.0,-332.3333333333333,15.1,-0.6999999999999993,0.31,3.43,26.9,26.4,0.0,False,MANUAL_OVERRIDE,-0.1713725098409014,-0.4704071863568074,-0.11760179658920185,-0.09188956912585834,-0.2094913657150602,-0.2094913657150602,-0.1283238327793522,1.739731205448441,0.0
5.5720864029999575,1784293855.282767,True,True,True,True,True,7.870828999784862,6.653923999692779,7.633988999714347,7.248247999996238,MANUAL,False,True,False,1513.0,1498.0,2000.0,-1.0,0.0,-0.11991466454541852,-0.11991466454541852,-0.135,-0.16686247289180756,0.0,1.740311430394846,6.265121149421446,0.0,-7977.0,-3988.5,-332.375,15.1,-0.6999999999999993,0.26,3.04,26.9,26.4,0.0,False,MANUAL_OVERRIDE,-0.17841436608251734,-0.5712090972476441,-0.14280227431191103,-0.09562376792857892,-0.23842604224048997,-0.23842604224048997,-0.19190972673448675,1.7401048338835792,0.0
5.619543255000281,1784293855.3302262,True,True,True,True,True,15.705656000136514,15.452688000095804,15.255017000072257,14.904477000072802,MANUAL,False,True,False,1513.0,1498.0,2000.0,-1.0,0.0,-0.11186798981702498,-0.11186798981702498,-0.11186798981702498,-0.21926775574684143,0.0,1.703005017633467,6.130818063480481,0.0,-7806.0,-3903.0,-325.25,15.1,-0.6999999999999993,0.07,1.05,27.0,26.4,0.0,False,MANUAL_OVERRIDE,-0.20528984649996634,-0.638437248123074,-0.1596093120307685,-0.11046619304338132,-0.2700755050741498,-0.2700755050741498,-0.2192677491533688,1.730829879821051,0.0
5.671798767000382,1784293855.3824809,True,True,True,True,True,8.172023000042827,7.96379200028241,7.778666000376688,7.441822000146203,MANUAL,False,True,False,1513.0,1498.0,2000.0,-1.0,0.0,-0.09996012620008161,-0.09996012620008161,-0.111,-0.2477291077375412,0.0,1.6240288689807236,5.8465039283306055,0.0,-7444.0,-3722.0,-310.1666666666667,15.1,-0.6999999999999993,-0.04,-0.52,27.0,26.4,0.0,False,MANUAL_OVERRIDE,-0.2032630557796203,-0.6635896024764742,-0.16589740061911856,-0.11152598878997255,-0.2774233894090911,-0.2774233894090911,-0.2477291025009367,1.6949995942056684,0.0
5.721213318000082,1784293855.431891,True,True,True,True,True,17.38270499981809,17.158889999791427,16.966850999779126,16.431888999704825,MANUAL,False,True,False,1513.0,1498.0,2000.0,-1.0,0.0,-0.09192632607495954,-0.09192632607495954,-0.099,-0.2747582495212555,0.0,1.6211927089462328,5.836293752206438,-0.1396473208267401,-7431.0,-3715.5,-309.625,15.1,-0.6999999999999993,-0.34,-4.22,27.0,26.4,0.0,False,MANUAL_OVERRIDE,-0.2142746202050405,-0.7066860604454004,-0.1766715151113501,-0.12025347811974463,-0.2969249932310947,-0.2969249932310947,-0.2747582413156241,1.6532606036763746,0.0
5.769363474000329,1784293855.4800498,True,True,True,True,True,5.097550000300544,4.90039100031936,4.7177609999380365,4.382902000088507,MANUAL,False,True,False,1513.0,1498.0,2000.0,-1.0,0.0,-0.07993840149915388,-0.07993840149915388,-0.087,-0.28983059525489807,0.0,1.574068819142386,5.66664774891259,-2.3709220836062386,-7215.0,-3607.5,-300.625,15.2,-0.7999999999999989,-0.44,-5.57,27.0,26.4,0.0,False,MANUAL_OVERRIDE,-0.24573345121028786,-0.7180179353783569,-0.17950448384458922,-0.13831764593822388,-0.3178221297828131,-0.3178221297828131,-0.28983060227914026,1.645243629993839,0.0
5.820379744000093,1784293855.531061,True,True,True,True,True,14.753559999917343,11.340450999796303,14.341801999762538,13.947932000064611,MANUAL,False,True,False,1513.0,1498.0,2000.0,-1.0,0.0,-0.0719193833259361,-0.0719193833259361,-0.0719193833259361,-0.3123632073402405,0.0,1.574068819142386,5.66664774891259,0.0,-7215.0,-3607.5,-300.625,15.2,-0.7999999999999989,-0.44,-5.57,27.0,26.4,0.0,False,MANUAL_OVERRIDE,-0.25914669880543273,-0.7527825423895895,-0.18819563559739738,-0.14862905472885007,-0.33682469032624746,-0.33682469032624746,-0.3123632084506838,1.6107224894740089,0.0
5.8695684310000615,1784293855.5802486,True,True,True,True,True,6.1681459997089405,5.1056459997198544,4.908711000098265,4.443158999947627,MANUAL,False,True,False,1513.0,1498.0,2000.0,-1.0,0.0,-0.059926690378548406,-0.059926690378548406,-0.059926690378548406,-0.31867551803588867,0.0,1.4994559936196283,5.3980415770306625,0.0,-6873.0,-3436.5,-286.375,15.2,-0.7999999999999989,-0.43,-6.18,27.0,26.4,0.0,False,MANUAL_OVERRIDE,-0.23172007087625238,-0.778457547912888,-0.194614386978222,-0.13578402001460513,-0.33039840699282713,-0.33039840699282713,-0.31867552794043397,1.5760333023232345,0.0
5.9198920690000705,1784293855.6305747,True,True,True,True,True,16.551604999676783,16.312236999965535,16.1193019998791,15.769209999689338,MANUAL,False,True,False,1513.0,1498.0,2000.0,-1.0,0.0,-0.05198110512769391,-0.05198110512769391,-0.05198110512769391,-0.3444041311740875,0.0,1.410662367924417,5.078384524527902,0.0,-6466.0,-3233.0,-269.4166666666667,15.2,-0.7999999999999989,-0.4,-6.64,26.9,26.4,0.0,False,MANUAL_OVERRIDE,-0.2948566419045866,-0.8182621248727566,-0.20456553121818916,-0.1790053071152746,-0.3835708383334637,-0.3835708383334637,-0.3444041174017187,1.5095636393051592,0.0
5.97138717200005,1784293855.682069,True,True,True,True,True,5.359734999728971,23.798156999873754,5.105710999941948,2.664314999947237,MANUAL,False,True,False,1513.0,1498.0,2000.0,-1.0,0.0,-0.03994997910535504,-0.03994997910535504,-0.051,-0.3549775779247284,0.0,1.3255775668896934,4.7720792408028965,0.0,-6076.0,-3038.0,-253.16666666666666,15.2,-0.7999999999999989,-0.37,-7.48,26.9,26.4,0.0,False,MANUAL_OVERRIDE,-0.24250143421991818,-0.8254496645244591,-0.20636241613111478,-0.1566701822748798,-0.36303259840599456,-0.36303259840599456,-0.35497757569091964,1.415161741335476,0.0
6.020785082000202,1784293855.7314675,True,True,True,True,True,17.734748999828298,16.604375000042637,16.40491199987082,16.06253199997809,MANUAL,False,True,False,1513.0,1498.0,2000.0,-1.0,0.0,-0.03192166260755231,-0.03192166260755231,-0.03192166260755231,-0.37083762884140015,0.0,1.2014410238415967,4.325187685829748,-6.206611105780298,-5507.0,-2753.5,-229.45833333333334,15.2,-0.7999999999999989,-0.32,-8.49,26.9,26.4,0.0,False,MANUAL_OVERRIDE,-0.28791597709644456,-0.8488686107856486,-0.21221715269641214,-0.1880748677154681,-0.4002920204118803,-0.4002920204118803,-0.37083763134325587,1.3927656977240304,0.0
6.0697521940001025,1784293855.7804348,True,True,True,True,True,7.299096999759058,1.9089930001428002,3.9145979999375413,3.2252619998871523,MANUAL,False,True,False,1513.0,1498.0,2000.0,-1.0,0.0,-0.01994179657972028,-0.01994179657972028,-0.01994179657972028,-0.3726944029331207,0.0,0.9946195074802685,3.5806302269289665,0.0,-4559.0,-2279.5,-189.95833333333334,15.1,-0.6999999999999993,-0.17,-5.89,27.0,26.4,0.0,False,MANUAL_OVERRIDE,-0.25482754855840956,-0.7941883183323805,-0.19854707958309512,-0.17761339671980106,-0.3761604763028962,-0.3761604763028962,-0.372694396320024,1.299612822001887,0.0
6.120023990000391,1784293855.8307073,True,True,True,True,True,16.21786500027156,15.992866000033246,15.79564300027414,15.434415000072477,MANUAL,False,True,False,1513.0,1498.0,2000.0,-1.0,0.0,-0.011906136789681217,-0.011906136789681217,-0.027,-0.3611454367637634,0.0,0.9946195074802685,3.5806302269289665,0.0,-4559.0,-2279.5,-189.95833333333334,15.1,-0.6999999999999993,-0.17,-5.89,27.0,26.4,0.0,False,MANUAL_OVERRIDE,-0.21579819778230144,-0.6896140691601665,-0.17240351729004164,-0.1718582928675964,-0.344261810157638,-0.344261810157638,-0.36114544619541095,1.1232885620440765,0.0
6.177156020999973,1784293855.887835,True,True,True,True,True,2.1401049998530652,1.5195719997791457,1.2733559997286648,0.903902999652928,MANUAL,False,True,False,1513.0,1498.0,2000.0,-1.0,0.0,0.0,0.0,0.0,-0.36874711513519287,0.0,0.7928158127184242,2.854136925786327,0.0,-3634.0,-1817.0,-151.41666666666666,15.2,-0.7999999999999989,-0.08,-3.97,26.9,26.4,0.0,False,MANUAL_OVERRIDE,-0.2249265928638022,-0.7499412005622426,-0.18748530014056064,-0.19537920071489545,-0.3828645008554561,-0.3828645008554561,-0.36874711532642673,1.0165449269819493,0.0
6.219596702000217,1784293855.9302804,True,True,True,True,True,12.673456999891641,12.34448600007454,12.127326000154426,11.760914000205958,MANUAL,False,True,False,1513.0,1498.0,2000.0,-1.0,0.0,0.0,0.0,0.0,-0.3822469413280487,0.0,0.5726861608106394,2.061670178918302,0.0,-2625.0,-1312.5,-109.375,15.1,-0.6999999999999993,-0.02,-2.75,27.0,26.4,0.0,False,MANUAL_OVERRIDE,-0.2052435895600356,-0.7338137635155065,-0.18345344087887663,-0.21230534862367334,-0.39575878950254995,-0.39575878950254995,-0.38697609759379314,0.8321691198214026,0.0
6.269636938000076,1784293855.9803197,True,True,True,True,True,6.502333999833354,5.207664999943518,6.19368299976486,5.826758999774029,MANUAL,False,True,False,1513.0,1498.0,2000.0,-1.0,0.0,0.0,0.0,0.0,-0.4318493604660034,0.0,0.37895461383926876,1.3642366098213676,0.0,-1737.0,-868.5,-72.375,15.1,-0.6999999999999993,0.0,-1.44,27.0,26.4,0.0,False,MANUAL_OVERRIDE,-0.2279667193000085,-0.7626062959723182,-0.19065157399307955,-0.3076777174104868,-0.4983292914035663,-0.4983292914035663,-0.4318493559570355,0.5973979823433305,0.0
6.319984164000289,1784293856.0306675,True,True,True,True,True,16.08899900020333,14.5730750000439,15.822430000298482,15.451313000085065,MANUAL,False,True,False,1513.0,1498.0,2000.0,-1.0,0.0,0.0,0.0,0.0,-0.46485093235969543,0.0,0.10602875205865553,0.38170350741115994,-13.722043486447062,-486.0,-243.0,-20.25,15.1,-0.6999999999999993,0.0,-0.67,26.8,26.4,0.0,False,MANUAL_OVERRIDE,-0.23012761247767058,-0.7678028705299532,-0.1919507176324883,-0.33418887329860164,-0.52613959093109,-0.52613959093109,-0.46485093819795453,0.5427871402173151,0.0
6.369522308000342,1784293856.0802011,True,True,True,True,True,3.051496000352927,1.8652480002856464,1.620279000235314,1.0848690003513184,MANUAL,False,True,False,1513.0,1498.0,2000.0,-1.0,0.0,0.0,0.0,0.0,-0.5776014924049377,0.0,-0.0,-0.0,-5.410904365238987,0.0,0.0,0.0,15.1,-0.6999999999999993,0.0,-0.02,27.1,26.3,0.0,False,MANUAL_OVERRIDE,-0.2363205659823495,-0.789518579310239,-0.19737964482755976,-0.4847926637533362,-0.682172308580896,-0.682172308580896,-0.5776014962709207,0.32866639637598877,0.0
6.421365907000109,1784293856.1320486,True,True,True,True,True,17.632187999879534,17.044838999936474,16.84550499976467,16.49547699980758,MANUAL,False,True,False,1513.0,1499.0,2000.0,-1.0,0.0,0.0,0.0,0.0,-0.6471893787384033,0.0,-0.0,-0.0,0.0,0.0,0.0,0.0,15.1,-0.6999999999999993,0.0,-0.02,27.1,26.3,0.0,False,MANUAL_OVERRIDE,-0.23154181805368498,-0.7817593574209534,-0.19543983935523834,-0.7023901233936544,-0.8978299627488927,-0.6981,-0.6471893821744641,0.1535664292293687,0.0
6.474263207000149,1784293856.184942,True,True,True,True,True,11.421191999943403,1.5110599997569807,11.056634999931703,0.6776239997634548,MANUAL,False,True,False,1513.0,1498.0,2000.0,-1.0,0.0,0.0,0.0,0.0,-0.6650081276893616,0.0,-0.0,-0.0,0.0,0.0,0.0,0.0,15.1,-0.6999999999999993,0.0,-0.13,26.9,26.4,0.0,False,MANUAL_OVERRIDE,-0.2328042430032721,-0.7830824118706387,-0.19577060296765966,-0.8454896800731785,-1.0412602830408382,-0.6981,-0.6650080984134017,0.08638111644151988,0.0
6.519580438000048,1784293856.230261,True,True,True,True,True,16.684730999713793,15.465425000002142,15.266986999904475,14.930654999716353,MANUAL,False,True,False,1513.0,1498.0,2000.0,-1.0,0.0,0.0,0.0,0.0,-0.6765902638435364,0.0,0.0010908307824964562,0.003926990816987243,0.0,-5.0,-2.5,-0.20833333333333334,15.1,-0.6999999999999993,0.0,0.05,27.1,26.4,0.0,False,MANUAL_OVERRIDE,-0.23318551889310773,-0.7841136353549147,-0.19602840883872868,-0.9790689252722918,-1.1750973341110205,-0.6981,-0.6841186715796622,0.03671474119439031,0.0
6.5736718900002415,1784293856.2843492,True,True,True,True,True,4.595325000082084,1.7093380001824698,1.2965880000592733,0.8935340001698933,MANUAL,False,True,False,1513.0,1498.0,2000.0,-1.0,0.0,0.0,0.0,0.0,-0.6890121102333069,0.0,-0.0006544984694978736,-0.0023561944901923453,0.0,3.0,1.5,0.125,15.2,-0.7999999999999989,0.0,-0.1,27.2,26.3,0.0,False,MANUAL_OVERRIDE,-0.23281449780113064,-0.7831262583014469,-0.19578156457536172,-1.0420743523823675,-1.2378559169577292,-0.6981,-0.6921928887424074,0.01601058490926453,0.0
6.619471602999965,1784293856.330151,True,True,True,True,True,14.991809999628458,13.8235779995739,14.722744999744464,13.46964599997591,MANUAL,False,True,False,1513.0,1498.0,2000.0,-1.0,0.0,0.0,0.0,0.0,-0.6956042647361755,0.0,-0.0034906585039886587,-0.012566370614359171,-0.14125749441659646,16.0,8.0,0.6666666666666666,15.1,-0.6999999999999993,0.0,0.0,27.0,26.3,0.0,False,MANUAL_OVERRIDE,-0.23346728453940205,-0.7859213310797069,-0.1964803327699267,-1.0698134022574697,-1.2662937350273964,-0.6981,-0.6956042454936671,0.007841887444897127,0.0
6.670881715000178,1784293856.38156,True,True,True,True,True,6.4539489999333455,1.259211000160576,0.983202000043093,0.6139090000942815,MANUAL,False,True,False,1513.0,1498.0,2000.0,-1.0,0.0,0.0,0.0,0.0,-0.6964777708053589,0.0,-0.0,-0.0,0.16402696563835184,0.0,0.0,0.0,15.1,-0.6999999999999993,0.0,-0.01,27.0,26.3,0.0,False,MANUAL_OVERRIDE,-0.23688168228569303,-0.8017997951999315,-0.20044994879998287,-1.0794688696850505,-1.2799188184850334,-0.6981,-0.6964777595708836,0.00675408020967001,0.0
6.720073382999999,1784293856.4307554,True,True,True,True,True,15.666871999655996,10.240221999993082,15.296842999759974,14.732503999766777,MANUAL,False,True,False,1513.0,1498.0,2000.0,-1.0,0.0,0.0,0.0,0.0,-0.6974145770072937,0.0,-0.0,-0.0,0.0,0.0,0.0,0.0,15.1,-0.6999999999999993,0.0,-0.01,27.0,26.3,0.0,False,MANUAL_OVERRIDE,-0.2201407164705732,-0.7528935651644086,-0.18822339129110216,-1.0600955296905687,-1.248318920981671,-0.6981,-0.6974146034186984,0.0033402514405779407,0.0
6.771642797000368,1784293856.482324,True,True,True,True,True,8.251418000327249,7.654246000129206,6.975919000069553,6.218677000106254,MANUAL,False,True,False,1513.0,1498.0,2000.0,-1.0,0.0,0.0,0.0,0.0,-0.6976544857025146,0.0,-0.0,-0.0,0.0,0.0,0.0,0.0,15.2,-0.7999999999999989,0.0,0.01,27.0,26.3,0.0,False,MANUAL_OVERRIDE,-0.23239614251801155,-0.7813390467932126,-0.19533476169830316,-1.0877848548291764,-1.2831196165274796,-0.6981,-0.697654492222154,0.0018788914353250917,0.0
6.820179467000344,1784293856.5308628,True,True,True,True,True,17.22820600025443,16.02944500018566,17.026663000251574,16.605336000338866,MANUAL,False,True,False,1513.0,1498.0,2000.0,-1.0,0.0,0.0,0.0,0.0,-0.69791179895401,0.0,-0.0,-0.0,0.0,0.0,0.0,0.0,15.1,-0.6999999999999993,0.0,0.02,26.9,26.4,0.0,False,MANUAL_OVERRIDE,-0.22887429890069,-0.7675711887161554,-0.19189279717903884,-1.08518144932967,-1.2770742465087088,-0.6981,-0.6979117729638601,0.000792657324277773,0.0
6.872268067000277,1784293856.5829458,True,True,True,True,True,7.884430000103748,0.7611139999426086,7.642630000191275,7.2810179999578395,MANUAL,False,True,False,1513.0,1498.0,2000.0,-1.0,0.0,0.0,0.0,0.0,-0.6980204582214355,0.0,-0.0,-0.0,0.0,0.0,0.0,0.0,15.2,-0.7999999999999989,0.0,0.02,27.1,26.4,0.0,False,MANUAL_OVERRIDE,-0.23142128473130316,-0.7771866925956916,-0.1942966731489229,-1.0912929049662055,-1.2855895781151283,-0.6981,-0.6980204740772309,0.0003344023086796855,0.0
6.922564893000072,1784293856.6332479,True,True,True,True,True,17.07437699997172,16.816192000078445,16.606905000116967,16.244491999714228,MANUAL,False,True,False,1513.0,1498.0,2000.0,-1.0,0.0,0.0,0.0,0.0,-0.6980482935905457,0.0,-0.0,-0.0,0.0,0.0,0.0,0.0,15.1,-0.6999999999999993,0.0,0.04,26.9,26.3,0.0,False,MANUAL_OVERRIDE,-0.22813521128346767,-0.7912924544439565,-0.19782311361098912,-1.0860784527617682,-1.2839015663727573,-0.6981,-0.6980664002976301,0.00014107597397424235,0.0
6.969482179000352,1784293856.6801634,True,True,True,True,True,5.8877530000245315,4.636350000055245,5.660641000304167,5.281332000322436,MANUAL,False,True,False,1513.0,1498.0,2000.0,-1.0,0.0,0.0,0.0,0.0,-0.6980781555175781,0.0,-0.0,-0.0,0.0,0.0,0.0,0.0,15.1,-0.6999999999999993,0.0,-0.01,26.9,26.4,0.0,False,MANUAL_OVERRIDE,-0.23181903888522423,-0.7788788491073233,-0.19471971227683083,-1.0927725553859193,-1.28749226766275,-0.6981,-0.6980781601934596,0.00010580698048068176,0.0
7.019522165000126,1784293856.7302043,True,True,True,True,True,15.634806999969442,14.281993000167859,15.290123999875505,14.901374000146461,MANUAL,False,True,False,1513.0,1498.0,2000.0,-1.0,0.0,0.0,0.0,0.0,-0.6980907917022705,0.0,-0.0,-0.0,0.0,0.0,0.0,0.0,15.1,-0.6999999999999993,0.0,-0.01,26.9,26.4,0.0,False,MANUAL_OVERRIDE,-0.22333357432743325,-0.7918163998635578,-0.19795409996588945,-1.0776295674629537,-1.2755836674288432,-0.6981,-0.6980907726817367,3.3477989917715716e-05,0.0
7.069319582000389,1784293856.7799995,True,True,True,True,True,5.5568940001649025,4.959050000252319,4.763939000440587,4.421911000008549,MANUAL,False,True,False,1513.0,1498.0,2000.0,-1.0,0.0,0.0,0.0,0.0,-0.6980940103530884,0.0,-0.0,-0.0,0.0,0.0,0.0,0.0,15.1,-0.6999999999999993,0.0,0.08,26.8,26.4,0.0,False,MANUAL_OVERRIDE,-0.23104578579924817,-0.7670591601691008,-0.1917647900422752,-1.0916815212229556,-1.2834463112652308,-0.6981,-0.6980940022431289,2.5108492438286787e-05,0.0
7.119464787000197,1784293856.8301482,True,True,True,True,True,14.82767600009538,12.985789000140358,14.577075000033801,14.193861999956425,MANUAL,False,True,False,1513.0,1498.0,2000.0,-1.0,0.0,0.0,0.0,0.0,-0.6980974674224854,0.0,-0.0,-0.0,0.0,0.0,0.0,0.0,15.1,-0.6999999999999993,0.0,0.03,26.8,26.4,0.0,False,MANUAL_OVERRIDE,-0.23134310629843235,-0.776854431122644,-0.194213607780661,-1.0922568608292043,-1.2864704686098651,-0.6981,-0.698097465947722,1.0592645247402238e-05,0.0
7.171112123000057,1784293856.881793,True,True,True,True,True,7.011343999693054,6.776872000045842,6.58470500002295,5.953195000074629,MANUAL,False,True,False,1513.0,1498.0,2000.0,-1.0,0.0,0.0,0.0,0.0,-0.6980989575386047,0.0,-0.0,-0.0,0.0,0.0,0.0,0.0,15.1,-0.6999999999999993,0.0,0.0,26.8,26.4,0.0,False,MANUAL_OVERRIDE,-0.23154140513749083,-0.777697420877262,-0.1944243552193155,-1.0926278432011207,-1.2870521984204362,-0.6981,-0.6980989293629125,4.468772213747819e-06,0.0
7.219931683000141,1784293856.9306169,True,True,True,True,True,16.088646999833145,15.881247999914194,15.691448999859858,15.350957999999082,MANUAL,False,True,False,1513.0,1498.0,2000.0,-1.0,0.0,0.0,0.0,0.0,-0.6980993151664734,0.0,-0.0,-0.0,0.0,0.0,0.0,0.0,15.1,-0.6999999999999993,0.0,0.02,26.8,26.4,0.0,False,MANUAL_OVERRIDE,-0.231020138566894,-0.7878242372434345,-0.19695605931085863,-1.0917102692532215,-1.28866632856408,-0.6981,-0.6980993040858932,3.3515791603108645e-06,0.0
7.27003093500025,1784293856.980718,True,True,True,True,True,5.409370000052149,5.1700970002457325,4.98077900010685,4.638847000023816,MANUAL,False,True,False,1513.0,1496.0,2000.0,-1.0,0.0,0.0,0.0,0.0,-0.6980997323989868,0.0,-0.0,-0.0,0.0,0.0,0.0,0.0,15.1,-0.6999999999999993,0.0,0.04,27.0,26.4,0.0,False,MANUAL_OVERRIDE,-0.23032011330761293,-0.7846659024826941,-0.19616647562067352,-1.0904743759613,-1.2866408515819736,-0.6981,-0.6980997059762899,1.4139474582561459e-06,0.0
7.321442010000283,1784293857.032125,True,True,True,True,True,17.505721999896195,17.25089699993987,17.059146000065084,16.71641400025692,MANUAL,False,True,False,1513.0,1402.0,2000.0,-1.0,0.0,0.039200000000000006,0.039200000000000006,0.039200000000000006,-0.6980998516082764,0.0,-0.0,-0.0,0.0,0.0,0.0,0.0,15.1,-0.6999999999999993,0.0,0.04,27.0,26.4,0.0,False,MANUAL_OVERRIDE,-0.23274234537658797,-0.7808157118067189,-0.19520392795167973,-1.0947513511760913,-1.289955279127771,-0.6981,-0.6980998757749826,5.965090839518115e-07,0.0
7.369398440000168,1784293857.08008,True,True,True,True,True,5.924138999944262,5.716740000025311,5.530941999950301,5.197169999973994,MANUAL,False,True,False,1513.0,1279.0,2000.0,-1.0,0.0,0.0884,0.0884,0.0,-0.6980999112129211,0.0,-0.0,-0.0,0.0,0.0,0.0,0.0,15.2,-0.7999999999999989,0.0,0.06,27.1,26.4,0.0,False,MANUAL_OVERRIDE,-0.2312931058351749,-0.7766419840419402,-0.19416049601048505,-1.0922034414936783,-1.2863639375041633,-0.6981,-0.6980999192537387,3.35536359722894e-07,0.0
7.41949497700034,1784293857.130178,True,True,True,True,True,15.01581200000146,13.973952000014833,13.772121000329207,13.42654100017171,MANUAL,False,True,False,1513.0,1237.0,2000.0,-1.0,0.0,0.10520000000000002,0.10520000000000002,0.10520000000000002,-0.6980999708175659,0.0,-0.012217304763960306,-0.0439822971502571,0.0,56.0,28.0,2.3333333333333335,15.0,-0.5999999999999996,0.86,17.58,26.9,26.3,0.0,False,MANUAL_OVERRIDE,-0.23280189140907612,-0.7911941644848222,-0.19779854112120554,-1.0845468464230985,-1.282345387544304,-0.6981,-0.6980999658847047,0.0030544677453918354,0.0
7.471074540000245,1784293857.1817563,True,True,True,True,True,7.7484900002673385,6.059887999981584,7.507329999953072,7.145045000015671,MANUAL,False,True,False,1513.0,1176.0,2000.0,-1.0,0.0,0.12960000000000002,0.12960000000000002,0.12960000000000002,-0.6980999708175659,0.0,-0.00021816615649929117,-0.0007853981633974482,0.0,1.0,0.5,0.041666666666666664,14.7,-0.29999999999999893,3.64,48.47,26.9,26.4,0.0,False,MANUAL_OVERRIDE,-0.23115478652492966,-0.7760545096959621,-0.19401362742399053,-1.0738950456039678,-1.2679086730279583,-0.6981,-0.6980999855862877,0.00535194824488648,0.0
7.519893880000382,1784293857.2305777,True,True,True,True,True,16.867842999999993,14.01987300005203,16.624187000161328,16.25505400033944,MANUAL,False,True,False,1513.0,1188.0,2000.0,-1.0,0.0,0.12521960182189942,0.12521960182189942,0.129,-0.6980999708175659,0.0,-0.03294308963139297,-0.11859512267301468,0.0,151.0,75.5,6.291666666666667,14.7,-0.29999999999999893,5.27,53.51,26.9,26.4,0.0,False,MANUAL_OVERRIDE,-0.2309820835512257,-0.7753214750600763,-0.19383036876501908,-1.0778840961509293,-1.2717144649159484,-0.6981,-0.6980999906310871,0.004068502722789682,0.0
7.569986641000014,1784293857.2806706,True,True,True,True,True,4.09937299991725,3.8051550000091083,3.570138999748451,3.151148999677389,MANUAL,False,True,False,1513.0,1332.0,2000.0,-1.0,0.0,0.11320959968566896,0.11320959968566896,0.121,-0.6980999708175659,0.0,-0.04930555136883981,-0.17749998492782332,-0.8176754839062602,226.0,113.0,9.416666666666666,14.7,-0.29999999999999893,5.48,53.27,26.9,26.4,0.0,False,MANUAL_OVERRIDE,-0.22164287696634669,-0.7611560836825242,-0.19028902092063105,-1.004979149664349,-1.19526817058498,-0.6981,-0.6980999960416343,0.020761623279325955,0.0
7.619478580000305,1784293857.3301618,True,True,True,True,True,14.610646000164706,14.326859999982844,14.079906999995728,13.61461100032102,MANUAL,False,True,False,1513.0,1384.0,2000.0,-1.0,0.0,0.10520426673889162,0.10520426673889162,0.109,-0.6980999708175659,0.0,-0.02399827721492203,-0.08639379797371931,1.2042795204601031,110.0,55.0,4.583333333333333,14.8,-0.40000000000000036,4.2,46.07,27.0,26.4,0.0,False,MANUAL_OVERRIDE,-0.22725764930890593,-0.7763289689037329,-0.19408224222593323,-0.9723347398001708,-1.166416982026104,-0.6981,-0.6980999983275905,0.03496261052424769,0.0
7.6698269970002,1784293857.3805103,True,True,True,True,True,23.633260000224254,20.38166000011188,23.425412000051438,21.273338999890257,MANUAL,False,True,False,1513.0,1497.0,2000.0,-1.0,0.0,0.0972431365966797,0.0972431365966797,0.109,-0.6980999708175659,0.0,-0.02399827721492203,-0.08639379797371931,0.0,110.0,55.0,4.583333333333333,14.8,-0.40000000000000036,4.2,46.07,27.0,26.4,0.0,False,MANUAL_OVERRIDE,-0.2313961329631528,-0.7770797847268708,-0.1942699461817177,-0.9951559659414768,-1.1894259121231945,-0.6981,-0.6980999989129338,0.030165714701417712,0.0
7.719471998000245,1784293857.4301565,True,True,True,True,True,13.785946000098193,11.674896999920747,13.564786000188178,13.20538200025112,MANUAL,False,True,False,1513.0,1498.0,2000.0,-1.0,0.0,0.08490034980773926,0.08490034980773926,0.097,-0.6980999708175659,0.0,-0.20224002707484293,-0.7280640974694346,0.0,927.0,463.5,38.625,15.0,-0.5999999999999996,3.35,41.89,27.0,26.4,0.0,False,MANUAL_OVERRIDE,-0.22461384200761414,-0.7710850394440478,-0.19277125986101196,-0.7854714312565577,-0.9782426911175697,-0.6981,-0.6980999995407146,0.10458093046825281,0.0
7.769321325999954,1784293857.4800003,True,True,True,True,True,6.449437999890506,3.7879699998484284,6.242454999664915,5.852072999914526,MANUAL,False,True,False,1513.0,1498.0,2000.0,-1.0,0.0,0.0732241813659668,0.0732241813659668,0.084,-0.6980999708175659,0.0,-0.3950989094202163,-1.4223560739127787,0.0,1811.0,905.5,75.45833333333333,15.0,-0.5999999999999996,1.69,25.31,26.9,26.4,0.0,False,MANUAL_OVERRIDE,-0.2291156168838071,-0.7674325522506521,-0.19185813806266303,-0.607942770966401,-0.7998009090290641,-0.6981,-0.6980999998059519,0.2092548162802811,0.0
7.819790867000393,1784293857.5304759,True,True,True,True,True,14.454096999998,14.240425000025425,14.05792300010944,13.721559000259731,MANUAL,False,True,False,1513.0,1498.0,2000.0,-1.0,0.0,0.06520897789001465,0.06520897789001465,0.073,-0.6809128522872925,0.0,-0.39924406639370286,-1.4372786390173302,-0.20440467538853405,1830.0,915.0,76.25,15.1,-0.6999999999999993,1.14,20.32,26.9,26.3,0.0,False,MANUAL_OVERRIDE,-0.2167499908300354,-0.7568849465772397,-0.18922123664430993,-0.45977271145870696,-0.6489939481030169,-0.6489939481030169,-0.6809128817540706,0.3177322218701778,0.0
7.8706580850002865,1784293857.5813417,True,True,True,True,True,6.644644000061817,4.9961390000135,6.420764000267809,6.0627040002145804,MANUAL,False,True,False,1513.0,1498.0,2000.0,-1.0,0.0,0.05322763366699219,0.05322763366699219,0.061,-0.6643759608268738,0.0,-0.33706671179140485,-1.2134401624490574,3.2045652808129286,1545.0,772.5,64.375,15.1,-0.6999999999999993,0.53,11.43,27.0,26.4,0.0,False,MANUAL_OVERRIDE,-0.21816300226299948,-0.756872146423467,-0.18921803660586675,-0.4444464272405453,-0.6336644638464121,-0.6336644638464121,-0.6643759354863901,0.3381101830010591,0.0
7.920842625000205,1784293857.631525,True,True,True,True,True,16.65785200020764,16.431571999873995,16.24052599981951,15.528661000189459,MANUAL,False,True,False,1513.0,1498.0,2000.0,-1.0,0.0,0.045192498397827144,0.045192498397827144,0.061,-0.6491798162460327,0.0,-0.33706671179140485,-1.2134401624490574,0.0,1545.0,772.5,64.375,15.1,-0.6999999999999993,0.53,11.43,27.0,26.4,0.0,False,MANUAL_OVERRIDE,-0.22150831116889316,-0.7677494693491075,-0.19193736733727687,-0.44351705120538487,-0.6354544185426617,-0.6354544185426617,-0.6491797900696387,0.34625061669892593,0.0
7.969938615000046,1784293857.6806211,True,True,True,True,True,6.065425000087998,4.986379999991186,4.781923999871651,4.428727999766124,MANUAL,False,True,False,1513.0,1498.0,2000.0,-1.0,0.0,0.03319103164672851,0.03319103164672851,0.03319103164672851,-0.6436486840248108,0.0,-0.3540836719983496,-1.2747012191940585,0.0,1623.0,811.5,67.625,15.1,-0.6999999999999993,0.17,4.46,27.0,26.4,0.0,False,MANUAL_OVERRIDE,-0.22370385840893106,-0.7448893652319016,-0.1862223413079754,-0.447154291794826,-0.6333766331028015,-0.6333766331028015,-0.6436486851312456,0.3464868983536217,0.0
8.019652257999951,1784293857.7303362,True,True,True,True,True,17.079338999792526,16.034310999657464,15.815870999631443,15.460466999684286,MANUAL,False,True,False,1513.0,1498.0,2000.0,-1.0,0.0,0.02524482650756835,0.02524482650756835,0.037,-0.6328483819961548,0.0,-0.3281218993749339,-1.181238837749762,0.0,1504.0,752.0,62.666666666666664,15.1,-0.6999999999999993,0.02,1.02,27.0,26.4,0.0,False,MANUAL_OVERRIDE,-0.22232485640596036,-0.7392199796836005,-0.18480499492090013,-0.446501690749451,-0.6313066856703511,-0.6313066856703511,-0.6328483533542092,0.3443883399611261,0.0
8.069303115000366,1784293857.7799835,True,True,True,True,True,6.049680000160151,2.0614790000763605,5.751430000145774,1.5234440002132033,MANUAL,False,True,False,1513.0,1498.0,2000.0,-1.0,0.0,0.013193482589721672,0.013193482589721672,0.013193482589721672,-0.6368095278739929,0.0,-0.2454369260617026,-0.8835729338221293,0.0,1125.0,562.5,46.875,15.1,-0.6999999999999993,0.0,0.24,26.8,26.4,0.0,False,MANUAL_OVERRIDE,-0.21945577039595277,-0.7275172315197276,-0.1818793078799319,-0.4826618601108606,-0.6645411679907924,-0.6645411679907924,-0.6465156128726366,0.2988096281726951,0.0
8.119935638000243,1784293857.8306231,True,True,True,True,True,15.750557000046683,14.887392000218824,15.538390000074287,14.525299000069936,MANUAL,False,True,False,1513.0,1498.0,2000.0,-1.0,0.0,0.005209178161621087,0.005209178161621087,0.013,-0.6576502323150635,0.0,-0.2085668456133224,-0.7508406442079606,1.793289568098369,956.0,478.0,39.833333333333336,15.1,-0.6999999999999993,0.0,-0.14,26.9,26.4,0.0,False,MANUAL_OVERRIDE,-0.21632515653044324,-0.7148852658024605,-0.17872131645061512,-0.518956160636698,-0.6976774770873131,-0.6976774770873131,-0.6716597499746898,0.2587360146526825,0.0
8.169356311000229,1784293857.8800378,True,True,True,True,True,6.084241000280599,4.844006999974226,5.8048079999935,4.480506000163587,MANUAL,False,True,False,1513.0,1498.0,2000.0,-1.0,0.0,0.0,0.0,0.0,-0.6809138655662537,0.0,-0.22841996585475785,-0.8223118770771283,-0.9918765680523836,1047.0,523.5,43.625,15.1,-0.6999999999999993,0.0,-1.22,27.1,26.4,0.0,False,MANUAL_OVERRIDE,-0.21598393634738164,-0.6996422953606919,-0.17491057384017297,-0.5328915728838812,-0.7078021467240542,-0.6981,-0.6809138374835484,0.24619372239284246,0.0
8.219491408000067,1784293857.9301727,True,True,True,True,True,14.861149999887857,14.63854999974501,14.448527999775251,14.107940000030794,MANUAL,False,True,False,1513.0,1498.0,2000.0,-1.0,0.0,0.0,0.0,0.001,-0.6908388733863831,0.0,-0.22841996585475785,-0.8223118770771283,0.0,1047.0,523.5,43.625,15.1,-0.6999999999999993,0.0,-1.22,27.1,26.4,0.0,False,MANUAL_OVERRIDE,-0.21103348543968342,-0.6962909916274158,-0.17407274790685395,-0.5386636390326586,-0.7127363869395125,-0.6981,-0.6908388463367992,0.23312642436031045,0.0
8.269355905000339,1784293857.9800365,True,True,True,True,True,5.656739000187372,4.983180000181164,4.7780840000086755,4.429848000199854,MANUAL,False,True,False,1513.0,1498.0,2000.0,-1.0,0.0,0.0,0.0,0.0,-0.6933802366256714,0.0,-0.21882065496878905,-0.7877543578876406,0.0,1003.0,501.5,41.791666666666664,15.1,-0.6999999999999993,0.0,-1.2,26.9,26.4,0.0,False,MANUAL_OVERRIDE,-0.21129239672743805,-0.6948627134883582,-0.17371567837208954,-0.5448193353365522,-0.7185350137086418,-0.6981,-0.6933802501189195,0.228667521042639,0.0
8.319468732000132,1784293858.0301526,True,True,True,True,True,15.852353999889601,14.590391000183445,15.638778999800707,15.205132000119193,MANUAL,False,True,False,1513.0,1498.0,2000.0,-1.0,0.0,0.0,0.0,0.0,-0.6950321793556213,0.0,-0.1954768762233649,-0.7037167544041136,0.0,896.0,448.0,37.333333333333336,15.1,-0.6999999999999993,0.0,-0.95,26.8,26.4,0.0,False,MANUAL_OVERRIDE,-0.210078084414263,-0.6855109125042751,-0.17137772812606877,-0.5572465189720985,-0.7286242470981673,-0.6981,-0.6961059056752436,0.21713885690733847,0.0
8.369486133999999,1784293858.0801656,True,True,True,True,True,6.274135999774444,5.251605000012205,5.047181999998429,4.700097999830177,MANUAL,False,True,False,1513.0,1498.0,2000.0,-1.0,0.0,0.0,0.0,0.0,-0.6972575187683105,0.0,-0.13286318930806834,-0.47830748150904606,0.0,609.0,304.5,25.375,15.1,-0.6999999999999993,0.0,-0.85,27.0,26.4,0.0,False,MANUAL_OVERRIDE,-0.20987569761305522,-0.6892867931861614,-0.17232169829654034,-0.596692834794739,-0.7690145330912793,-0.6981,-0.6972574951477905,0.18896210259559212,0.0
8.421334703999946,1784293858.1320155,True,True,True,True,True,13.689399999748275,13.431022999611741,13.213126999744418,12.854362999860314,MANUAL,False,True,False,1513.0,1498.0,2000.0,-1.0,0.0,0.0,0.0,0.0,-0.6977440714836121,0.0,-0.11955505376161156,-0.43039819354180164,0.6280547527993908,548.0,274.0,22.833333333333332,15.1,-0.6999999999999993,0.0,-0.54,26.8,26.4,0.0,False,MANUAL_OVERRIDE,-0.20707242349337648,-0.6685424004761439,-0.16713560011903597,-0.6485657648318651,-0.8157013649509011,-0.6981,-0.6977440416999414,0.15320288446462824,0.0
